23;17.91
29;23.72
46;26.87
19;21.0
49;27.26
12;24.7
68;17.04
15;19.75
37;22.55
53;20.52
48;20.3
25;31.48
26;25.02
41;16.57
18;24.76
77;19.08
26;22.6
13;23.53
60;27.7
24;23.26
19;24.52
65;23.95
23;23.15
41;19.59
52;18.64
49;24.13
19;25.63
57;28.51
45;17.33
15;17.37
31;26.73
46;23.46
69;24.28
25;18.59
13;22.31
38;19.53
17;18.71
49;17.96
31;18.73
64;18.83
17;21.81
29;19.67
41;23.43
27;22.69
38;19.82
22;22.34
26;20.62
49;23.06
48;20.33
41;18.72
24;28.21
46;21.69
38;19.72
19;17.18
36;23.5
27;18.56
39;18.7
14;20.31
28;20.44
78;29.23
41;28.96
17;24.77
26;23.03
64;21.78
41;21.03
15;22.77
14;22.36
34;23.52
28;26.37
32;20.88
30;28.98
29;17.5
43;19.44
20;22.37
64;24.86
13;22.78
44;18.24
31;19.22
13;20.05
65;23.52
33;16.97
39;19.41
27;20.08
40;17.46
27;20.06
18;24.45
23;17.22
32;17.24
18;18.99
16;20.53
18;21.76
45;21.01
18;24.68
26;29.75
47;18.04
15;20.05
20;19.89
14;22.11
32;21.63
62;22.58
27;17.29
12;18.69
25;18.21
15;29.29
31;16.65
25;28.8
43;23.11
43;17.38
37;23.84
23;23.58
23;19.0
60;19.3
14;21.27
28;21.29
23;21.1
57;25.97
12;20.35
25;20.05
14;21.66
71;22.39
62;21.21
18;23.52
40;17.39
13;19.12
25;19.75
31;20.02
75;18.42
12;20.37
12;18.89
27;22.36
18;18.73
14;17.46
26;19.9
23;24.14
53;27.21
24;24.75
50;18.5
13;17.6
51;18.76
19;20.54
13;23.06
28;18.66
72;20.93
54;22.04
25;20.0
20;23.89
20;24.14
13;22.3
65;18.26
15;18.22
15;20.12
12;17.46
22;22.51
23;23.72
23;22.92
76;19.78
46;28.52
18;23.84
27;23.85
79;27.18
20;24.67
34;18.79
53;19.87
22;22.75
49;24.2
15;20.02
23;26.62
27;23.08
17;17.89
32;18.86
36;29.43
48;22.56
45;20.86
22;18.77
57;23.07
49;19.8
19;17.74
15;24.63
25;21.69
37;19.74
57;28.62
24;19.54
19;18.53
19;19.05
61;27.46
13;24.57
46;22.09
13;18.87
64;24.06
24;23.42
24;19.14
12;21.45
25;24.38
48;18.55
33;22.32
30;24.26
28;16.91
34;20.9
19;22.32
44;22.16
47;17.62
26;19.52
60;18.56
58;22.74
12;19.99
32;19.31
30;20.13
28;23.12
69;24.71
30;21.0
17;24.83
48;18.69
13;20.76
26;18.96
15;28.33
16;20.7
47;19.09
34;28.55
15;22.12
26;22.9
26;23.29
29;24.63
46;24.26
12;23.65
38;21.49
26;21.13
29;17.61
43;20.42
66;23.1
13;29.24
29;19.85
16;19.76
21;19.37
55;19.34
16;24.76
14;21.3
30;23.11
56;21.13
12;20.49
22;28.53
20;29.35
16;24.69
42;23.43
49;24.78
61;23.45
28;20.01
61;28.03
26;17.45
18;18.71
64;16.52
28;18.59
28;19.65
31;23.48
23;29.62
26;22.4
26;18.36
21;21.75
32;22.11
27;20.8
22;20.02
26;18.53
28;18.54
60;20.7
28;22.27
12;20.33
49;21.04
42;24.32
38;20.34
31;29.81
34;26.54
17;20.75
52;24.63
28;19.02
42;20.02
37;22.59
13;23.41
16;28.43
27;20.44
25;28.43
13;18.98
54;23.07
12;24.09
25;17.6
27;18.58
27;19.21
13;28.13
52;21.6
60;18.8
54;23.73
23;17.07
25;21.89
13;22.27
24;18.85
38;16.89
49;22.76
36;28.75
50;22.07
48;21.83
25;19.44
14;29.17
50;22.47
58;17.59
17;16.96
17;24.68
17;21.57
39;22.67
20;16.63
46;22.44
16;22.62
34;17.59
30;21.19
41;19.81
18;18.7
20;27.87
15;21.68
51;25.08
50;20.51
34;18.34
21;19.2
18;19.74
20;24.75
17;23.31
76;22.09
30;20.16
20;19.58
36;17.29
27;24.9
13;18.31
26;20.77
12;23.5
25;24.62
16;20.09
27;28.06
18;28.13
50;21.56
32;28.81
60;17.52
53;24.75
17;22.45
39;19.78
17;20.07
27;16.99
21;20.25
24;24.62
14;20.06
33;22.88
25;22.74
19;17.07
51;22.08
16;18.34
17;19.92
59;21.02
27;17.62
16;21.08
22;23.28
15;20.28
12;18.95
48;18.35
27;24.27
64;20.09
27;22.16
19;18.47
12;17.25
56;25.85
13;21.71
44;22.77
57;24.38
21;24.35
37;19.72
19;21.29
28;20.99
19;16.55
28;17.52
42;24.3
34;18.3
31;27.07
13;26.16
12;17.0
18;18.6
12;23.33
20;17.51
45;29.72
12;22.25
12;16.58
35;22.4
45;21.16
42;19.86
31;22.92
24;21.74
61;22.7
41;23.27
12;28.43
18;24.55
44;20.29
26;20.58
38;24.47
24;23.96
13;20.76
13;18.74
28;24.61
13;24.84
28;20.07
44;18.62
33;20.6
40;20.58
26;29.02
19;17.68
24;25.03
28;18.72
13;22.29
30;20.09
24;22.98
36;20.08
42;18.54
31;24.13
19;21.33
37;17.83
34;23.68
46;18.68
61;21.56
44;17.54
19;19.76
27;24.14
18;17.62
48;17.4
56;21.84
45;23.95
24;19.57
17;18.38
23;22.74
22;22.32
25;17.36
24;16.81
14;17.86
34;25.06
15;19.17
16;22.64
16;25.73
13;22.45
31;20.68
15;26.62
39;19.16
78;21.72
27;18.63
34;23.01
21;19.93
20;24.64
17;21.77
31;18.46
26;24.71
63;17.13
40;21.99
22;20.34
43;17.06
12;22.47
18;22.06
73;22.24
25;17.91
64;24.01
18;26.24
27;19.49
58;25.83
37;25.04
12;23.15
48;19.97
19;18.1
32;24.71
13;18.54
47;24.52
13;19.54
43;24.24
13;23.85
57;23.28
12;23.44
32;20.65
58;22.23
23;27.37
21;16.94
32;28.22
19;18.13
52;24.65
31;29.69
37;23.58
56;20.43
43;24.38
54;20.58
37;20.82
17;17.3
41;20.25
19;19.81
35;19.9
26;23.6
34;21.38
25;19.55
48;24.63
28;24.44
16;20.58
27;19.81
22;19.92
27;28.08
63;23.86
14;17.31
40;19.84
38;21.17
13;22.55
40;23.47
51;21.9
39;19.79
56;29.0
54;21.03
18;20.82
13;18.77
18;24.45
63;24.39
20;21.68
16;24.66
15;16.55
26;17.1
23;22.28
38;21.62
30;24.79
32;20.24
32;23.69
64;24.56
18;23.57
15;20.76
28;17.4
13;20.69
48;20.86
28;26.16
21;21.68
32;20.47
19;24.07
18;24.53
24;22.57
17;21.1
33;18.95
53;19.61
13;22.2
71;18.57
62;21.99
26;19.57
49;29.0
21;24.69
28;21.86
22;29.89
50;18.63
61;22.38
26;22.25
49;23.44
63;20.99
40;17.87
15;19.69
19;18.71
56;18.9
43;25.03
17;22.67
61;21.93
49;22.2
55;21.28
21;22.03
34;21.09
39;22.42
21;23.26
12;24.54
13;24.11
16;16.91
15;23.34
54;16.51
60;21.04
40;23.48
14;20.63
26;20.37
15;24.79
23;20.35
17;22.05
49;23.84
36;23.34
59;20.44
42;20.85
44;20.38
17;27.02
51;18.77
24;18.77
21;21.74
15;20.05
58;28.48
28;18.59
42;22.64
14;21.78
13;23.97
35;16.79
26;18.61
28;22.57
25;18.23
13;19.43
43;24.29
58;21.74
46;23.12
17;25.24
27;19.63
25;18.39
34;17.76
13;19.26
16;23.5
56;22.44
30;22.38
26;32.71
58;24.73
33;20.29
42;25.23
19;23.77
64;19.55
18;19.54
15;21.75
14;24.09
33;19.49
43;22.46
21;21.04
35;24.5
17;23.99
18;22.78
21;23.0
30;20.98
15;18.77
55;22.08
31;20.74
24;24.03
33;29.11
48;21.69
38;28.52
27;16.68
14;19.7
20;24.56
42;24.47
54;18.72
28;22.42
15;19.54
25;21.46
17;20.58
18;19.51
62;23.02
20;19.64
26;23.01
29;28.03
47;19.96
16;23.3
38;21.42
17;33.09
58;23.56
16;18.97
23;22.62
22;22.4
20;28.6
18;19.07
18;24.01
15;18.8
18;19.68
18;16.96
54;20.49
13;17.99
47;16.69
47;22.38
32;22.5
24;18.61
27;23.09
14;20.97
46;20.17
22;24.08
21;17.79
21;21.95
23;18.97
25;22.91
15;29.67
17;20.44
17;17.66
17;24.23
42;20.08
26;17.35
32;20.01
46;17.51
12;23.36
28;16.86
12;18.1
12;17.12
14;21.15
17;22.5
28;19.13
26;20.13
46;23.37
54;20.04
27;22.68
27;24.7
15;21.48
52;22.53
75;23.46
15;18.43
25;21.85
20;21.4
21;20.78
20;18.7
28;17.12
12;19.29
35;24.82
12;19.71
45;23.33
58;23.64
22;21.24
21;22.65
12;17.18
13;22.13
44;22.74
25;22.33
28;24.48
60;19.1
14;21.76
35;28.46
61;19.1
54;23.25
14;20.44
26;25.47
27;20.88
49;20.31
24;22.4
28;24.31
20;25.81
20;21.25
30;21.42
33;17.39
14;22.8
45;20.66
15;17.18
20;22.64
16;20.86
52;21.83
34;17.45
63;20.57
13;24.5
72;23.59
47;26.35
12;21.15
27;23.93
36;24.48
27;18.98
14;19.21
22;23.53
18;20.38
34;19.26
23;16.54
18;21.99
14;18.44
49;24.36
61;18.21
44;18.68
21;23.49
28;19.01
55;23.29
27;21.32
15;18.75
17;24.71
39;24.27
58;16.64
14;24.27
45;24.85
16;27.33
12;23.8
18;20.19
64;22.52
32;20.62
24;17.78
19;20.95
20;17.75
12;18.7
19;21.38
13;17.71
44;26.17
56;20.65
15;16.78
13;21.37
50;19.23
27;20.58
39;20.04
58;24.54
14;20.63
23;24.48
26;18.99
56;22.01
64;24.47
17;21.4
27;21.64
26;21.66
39;24.1
36;19.38
30;19.65
53;24.69
15;17.82
29;18.71
20;21.01
43;17.54
16;26.18
26;17.31
57;17.84
15;24.57
36;21.96
60;22.02
45;18.78
15;18.36
13;17.22
25;24.72
12;17.48
33;24.35
34;18.06
48;22.07
14;17.98
58;18.09
13;21.75
15;23.04
36;19.49
25;23.73
14;22.74
73;29.44
21;19.08
48;20.9
48;18.82
41;24.76
76;23.96
26;28.37
16;20.63
41;22.82
74;19.08
26;23.9
35;18.5
28;16.74
14;17.66
54;20.61
34;23.95
21;24.11
62;24.35
25;22.35
39;22.75
23;17.34
54;19.43
28;18.58
28;17.92
17;26.32
43;24.35
14;19.1
21;20.95
53;24.44
44;24.32
55;20.69
24;21.73
22;26.19
48;20.57
39;25.83
25;23.64
52;16.64
24;18.56
22;22.85
20;17.34
21;18.43
49;21.31
42;24.5
21;19.32
24;20.48
18;19.29
23;21.07
15;23.33
28;19.28
13;23.49
20;23.45
32;20.23
16;18.35
59;24.47
28;23.99
17;22.72
52;22.17
14;31.99
48;20.05
26;24.86
20;23.01
12;29.31
39;24.62
27;32.0
24;18.6
23;22.72
13;24.54
25;23.77
17;17.32
20;26.4
40;27.37
34;28.08
24;20.45
49;23.15
49;24.12
12;20.56
64;22.17
22;18.01
23;21.47
28;17.06
28;18.31
34;18.63
41;23.6
60;20.85
27;29.69
15;20.14
57;22.08
47;23.87
16;19.88
42;24.1
69;19.95
26;21.11
22;18.25
45;18.67
13;16.76
15;17.86
15;22.69
42;18.7
35;18.71
69;22.92
16;22.83
32;23.9
15;20.17
17;22.61
31;19.02
42;24.33
35;23.7
57;23.92
15;22.57
32;19.89
15;23.1
33;21.71
21;21.86
16;21.83
52;19.33
25;21.09
35;20.15
21;20.91
49;21.62
20;24.09
19;20.17
35;27.63
23;20.53
30;24.84
21;17.39
20;34.41
19;26.47
33;18.32
44;16.99
26;18.16
14;19.33
19;24.24
48;18.66
56;32.24
13;22.77
49;21.69
15;21.19
34;24.54
49;19.02
22;34.53
52;21.91
59;22.6
19;23.3
12;21.04
25;28.1
67;23.98
59;18.44
15;24.42
21;16.82
25;20.72
14;18.81
28;22.33
55;27.44
63;18.89
17;19.47
56;22.67
23;22.81
28;20.16
30;23.57
29;17.75
46;22.79
36;27.23
42;17.94
63;24.73
61;24.11
18;23.29
28;19.73
17;23.01
40;21.64
35;17.1
21;23.55
42;23.19
15;17.59
17;22.03
13;20.15
16;23.99
16;20.68
27;23.41
26;29.39
12;23.3
20;24.89
17;22.41
19;25.77
19;20.08
74;19.35
16;18.04
42;18.97
28;18.51
64;17.62
18;21.99
18;22.86
12;19.69
61;24.45
53;21.49
71;22.87
63;24.82
22;16.54
36;18.67
48;20.24
12;29.58
52;16.69
42;24.48
33;22.17
63;21.33
38;16.92
17;19.79
25;20.84
22;24.12
49;26.5
13;17.9
27;24.15
28;24.61
43;23.3
13;20.88
45;18.97
12;23.14
23;23.67
25;17.12
17;20.62
31;22.03
59;22.47
26;21.29
52;25.37
22;25.01
34;24.11
59;19.0
38;21.46
60;19.74
18;18.5
28;17.19
52;21.65
34;25.4
38;23.44
60;19.25
57;16.66
63;20.24
30;19.24
12;20.92
32;18.69
28;19.74
76;22.48
56;18.89
31;21.72
27;20.02
26;17.75
12;19.35
45;28.44
12;23.2
41;18.83
12;16.69
30;22.02
61;23.04
23;23.35
23;22.36
33;22.67
32;20.7
36;21.77
49;28.5
13;17.11
12;22.29
41;22.56
12;24.01
39;23.33
39;23.01
37;28.38
37;26.82
26;24.13
58;24.89
20;19.42
76;22.99
50;22.69
18;23.42
42;28.27
44;23.83
19;26.46
27;23.85
19;19.97
47;23.31
45;25.89
27;22.78
16;28.6
13;27.86
79;19.88
44;21.33
29;23.17
18;21.11
30;19.98
23;26.21
13;16.88
63;23.04
52;18.83
64;19.95
20;24.33
57;19.67
13;21.21
25;23.81
23;18.23
57;22.46
56;24.55
49;20.02
21;19.03
28;26.42
12;24.19
26;22.33
12;19.5
24;23.03
38;25.31
23;19.87
21;18.53
39;22.86
42;23.97
28;22.95
55;19.69
22;24.32
48;24.23
50;24.75
27;16.8
54;28.15
14;23.72
12;20.52
12;23.57
76;21.02
32;18.24
23;21.27
22;18.36
75;17.52
21;22.65
12;25.73
45;32.97
12;27.64
28;17.66
43;24.45
37;22.83
28;23.32
28;28.61
19;18.6
12;19.94
28;22.66
12;20.12
49;16.86
38;24.88
15;17.97
37;24.27
46;21.59
36;18.71
38;17.58
18;24.22
25;20.64
15;20.76
33;17.92
13;21.05
47;21.86
27;25.08
22;18.03
22;20.3
47;20.8
39;24.57
40;19.07
16;18.4
26;34.31
64;19.4
13;25.73
30;23.37
55;34.8
48;29.87
24;25.23
16;24.48
24;29.81
33;18.51
53;19.4
39;21.42
43;23.12
25;18.71
20;22.63
24;18.58
48;25.41
28;24.73
25;18.99
50;22.15
24;26.28
58;27.47
13;23.35
12;27.04
43;20.44
23;22.89
24;23.3
16;24.02
28;22.75
25;16.7
44;24.17
13;24.36
45;18.61
26;22.31
42;25.07
51;21.27
52;19.22
27;22.62
15;27.59
46;25.16
60;18.42
15;17.56
31;21.01
38;23.52
31;20.25
54;22.03
59;23.8
44;20.89
22;16.96
18;19.26
29;20.32
40;24.47
28;22.17
12;23.89
58;22.0
23;29.44
27;19.16
53;20.61
52;19.26
27;19.82
42;19.25
12;27.11
43;18.84
45;19.69
26;18.52
56;19.4
22;23.35
20;25.03
48;20.62
26;21.92
62;23.33
19;18.02
58;24.89
62;23.79
53;19.96
17;29.07
20;23.12
39;34.97
25;24.66
32;23.13
44;24.18
51;17.62
31;24.11
30;22.28
25;21.48
27;22.61
21;23.98
39;24.55
33;19.78
39;25.41
25;24.53
14;21.54
35;17.74
32;23.12
26;20.67
24;20.19
49;23.2
56;23.53
27;24.38
20;24.55
24;16.97
13;18.56
23;23.86
56;23.72
37;28.97
56;23.84
30;22.14
25;23.83
51;21.74
16;20.02
26;19.41
23;23.38
30;25.78
41;24.77
14;29.23
20;19.95
36;17.81
12;22.35
54;23.24
43;22.07
43;22.05
28;24.83
14;29.28
34;21.63
35;22.06
49;21.31
25;18.41
25;20.85
45;22.53
48;19.32
27;19.71
67;18.69
20;23.06
13;23.12
23;22.56
19;25.3
26;20.57
27;21.18
46;26.12
16;22.8
46;19.34
26;24.35
19;20.91
29;22.0
16;24.39
27;17.12
15;18.7
66;27.22
19;17.35
80;25.41
66;24.23
15;22.63
15;24.74
45;21.84
26;23.43
56;20.46
49;23.35
52;23.94
12;27.06
45;21.8
21;20.99
40;17.94
26;18.86
26;23.82
17;20.34
17;21.76
27;22.76
57;20.42
20;18.89
14;23.14
36;23.3
50;23.12
40;25.51
32;19.69
25;20.78
15;21.32
16;26.37
28;20.82
22;20.23
19;16.83
27;19.43
39;24.02
13;24.81
46;20.77
13;19.64
14;24.23
52;27.57
64;19.74
32;16.68
16;28.15
26;28.47
61;18.78
16;19.58
35;20.42
28;20.42
17;18.88
24;20.34
24;25.86
34;22.25
12;18.19
42;19.97
15;22.59
79;17.01
38;21.88
59;18.54
53;22.51
57;16.61
40;28.71
59;18.52
15;20.59
75;23.43
22;23.41
34;24.45
12;22.22
65;20.94
20;16.77
25;17.5
19;22.1
19;22.04
25;23.26
49;24.57
13;24.89
62;24.15
34;19.65
12;21.92
49;18.97
26;19.2
41;23.38
63;26.88
63;22.25
49;22.33
43;19.8
12;23.91
25;18.61
64;20.97
31;24.22
20;18.4
23;23.12
31;22.0
47;19.76
14;19.34
40;23.82
13;21.89
56;24.73
53;17.67
16;22.14
12;25.69
17;26.66
13;23.8
65;24.38
39;21.44
47;27.37
31;22.25
12;22.89
14;21.77
59;24.78
20;24.83
62;26.3
61;25.85
24;19.94
12;24.11
34;23.12
45;20.77
41;27.5
13;23.47
55;25.9
28;24.54
54;23.21
19;19.62
28;23.6
40;18.41
43;19.36
44;23.7
31;27.64
39;18.44
34;22.32
42;19.38
21;18.56
63;22.6
31;17.0
22;27.35
61;20.37
15;24.19
40;29.29
44;22.34
42;28.25
40;23.54
39;18.79
41;20.02
38;22.17
58;19.91
21;28.22
19;20.25
12;22.43
14;22.64
24;18.59
48;24.55
28;21.02
12;23.08
59;19.86
31;21.42
24;24.22
25;20.79
22;22.15
18;20.85
55;20.34
21;17.28
12;23.41
26;17.01
21;18.92
62;19.0
24;29.38
12;18.18
13;25.45
24;23.21
26;23.36
41;26.72
50;24.02
61;22.35
32;19.11
17;24.35
39;28.54
57;17.35
26;24.81
62;29.79
17;17.64
20;22.81
23;20.13
20;18.69
17;19.99
42;20.59
64;17.2
30;21.76
68;24.7
55;25.03
17;29.27
37;18.79
41;21.35
25;23.72
44;18.57
40;28.27
19;18.66
30;25.59
12;28.45
14;27.27
63;16.63
17;16.89
34;23.17
14;18.64
55;18.73
14;18.51
20;22.35
16;19.37
13;19.96
44;21.55
53;19.06
23;22.31
13;19.82
26;19.57
21;28.87
61;28.24
51;21.29
25;18.62
25;22.91
21;20.5
13;24.4
49;21.05
26;20.28
15;17.5
28;20.11
22;18.65
43;23.12
39;23.56
35;16.83
48;18.26
28;19.75
41;20.6
27;18.82
62;20.63
35;26.19
51;22.46
18;19.93
15;20.45
46;17.17
16;17.1
22;23.19
46;19.12
13;29.73
15;17.59
16;23.41
21;28.95
18;19.36
49;19.82
51;22.43
14;22.9
47;24.59
22;17.58
21;21.93
52;23.03
38;16.94
28;25.34
40;23.74
35;26.58
16;18.77
16;23.41
14;23.46
27;23.59
61;16.62
23;19.69
25;22.92
14;23.04
27;23.56
18;22.89
20;22.42
28;16.6
15;18.41
26;19.02
37;24.28
43;28.19
42;23.85
21;24.24
39;19.27
43;16.9
43;23.59
17;23.84
28;18.86
46;25.7
43;18.67
30;24.33
56;18.87
41;21.29
31;25.13
39;23.85
29;22.36
15;25.56
63;21.69
17;17.46
14;20.34
26;24.79
63;24.59
37;24.48
38;25.83
24;23.72
77;21.15
46;22.32
31;21.81
44;17.92
15;18.71
19;17.64
24;23.61
23;21.13
51;20.86
54;16.58
28;16.57
35;31.52
18;16.85
20;23.75
29;24.02
22;22.3
26;24.28
24;22.03
53;21.79
56;19.88
45;20.17
13;20.54
26;25.53
30;23.49
34;18.83
18;22.14
14;23.17
21;19.22
26;17.19
32;20.95
35;18.56
14;24.36
24;21.74
16;23.88
12;23.34
37;22.86
27;27.14
53;28.64
16;22.18
17;22.03
23;23.15
20;21.76
45;27.0
34;18.95
18;28.37
16;22.98
27;26.83
12;16.51
35;19.15
15;23.45
35;16.92
27;21.82
38;20.87
39;31.82
64;21.55
27;17.27
23;29.07
50;28.7
51;16.73
26;20.83
12;21.7
28;17.94
46;21.35
12;24.34
15;20.47
33;20.95
19;20.04
28;22.78
13;22.55
16;21.3
24;17.82
44;17.91
43;24.04
36;18.83
26;23.41
17;24.44
33;27.65
14;23.48
15;16.71
28;18.62
28;22.77
24;20.72
47;22.56
16;24.37
27;17.91
34;27.78
46;21.45
12;19.33
64;16.86
52;21.81
36;24.32
22;25.13
51;19.58
15;23.22
14;22.01
17;22.91
53;23.7
40;24.27
45;23.76
41;21.53
29;25.87
13;22.27
13;24.28
28;28.67
36;17.16
39;19.65
15;19.4
20;22.2
12;21.44
20;22.63
28;21.36
51;34.95
22;26.19
24;19.39
47;24.09
17;21.86
36;28.52
57;22.06
23;26.51
40;25.96
19;22.18
32;25.57
79;21.72
42;23.93
22;16.98
18;22.47
25;22.17
53;25.04
25;23.02
42;18.97
13;20.79
41;22.34
41;24.81
38;17.45
29;16.6
30;20.6
27;20.19
17;20.8
19;22.6
34;19.62
26;28.39
15;20.37
45;31.2
25;23.17
17;17.18
22;20.59
19;24.31
27;24.07
28;23.15
61;21.11
52;19.55
44;27.64
52;20.31
15;20.63
16;22.21
32;20.02
42;20.15
57;20.55
26;22.58
57;19.32
33;29.76
28;23.26
14;19.11
21;16.74
19;21.68
14;19.31
20;18.49
23;20.26
22;19.39
13;29.55
13;18.98
62;18.74
27;19.12
18;23.08
24;29.12
48;20.35
35;20.08
15;25.84
20;24.9
66;28.37
30;23.34
13;28.55
72;18.41
31;19.06
14;21.32
21;17.81
26;18.7
20;24.87
22;29.71
17;20.73
40;18.96
25;21.23
39;22.71
25;20.34
27;19.85
18;19.07
58;24.45
13;25.25
25;22.93
29;24.27
20;26.16
25;17.16
37;20.37
55;19.94
14;18.94
47;19.94
27;20.9
18;22.21
51;22.07
50;22.74
13;23.18
48;22.52
23;23.98
16;22.33
20;21.05
46;29.67
28;29.05
45;17.47
22;23.8
12;22.93
35;17.43
49;20.51
12;23.78
61;19.12
19;18.77
56;24.15
19;19.94
72;19.91
48;24.42
19;24.64
47;21.55
44;20.52
13;19.29
12;23.6
23;28.03
43;23.14
28;24.48
27;23.32
48;19.0
27;22.8
19;24.32
13;32.29
27;21.32
28;23.24
21;18.14
18;26.63
32;27.76
56;18.6
20;20.74
44;25.35
16;24.09
14;18.98
12;31.69
16;20.13
20;27.19
54;16.54
54;24.79
52;24.64
53;18.08
31;21.75
34;22.45
17;18.07
23;22.07
19;25.4
29;23.23
28;25.67
23;21.31
17;19.39
33;23.23
77;21.24
42;22.49
25;27.42
25;20.56
28;21.35
25;21.01
15;20.23
26;23.79
72;19.39
27;19.96
13;22.38
41;19.05
38;18.73
38;23.31
36;20.61
20;21.77
64;17.45
40;22.58
17;16.76
37;20.2
32;19.47
28;21.43
28;18.91
26;20.52
42;18.48
28;23.53
40;27.02
13;20.89
38;23.55
31;24.84
36;27.43
38;21.11
43;19.01
74;22.01
26;19.1
16;20.09
39;20.89
32;24.27
13;21.5
18;18.41
13;22.62
13;22.29
19;23.72
36;23.42
27;22.76
21;20.25
45;24.67
40;16.66
15;21.96
18;21.46
62;26.46
42;22.08
20;23.84
16;22.91
28;24.68
45;18.96
17;25.26
27;16.64
25;19.74
24;23.86
24;21.87
53;19.39
35;18.29
45;19.41
47;22.52
70;21.17
62;24.67
21;18.7
48;20.57
27;20.51
20;17.96
15;23.92
19;24.61
19;17.97
12;22.12
28;24.12
64;22.22
12;22.25
12;23.58
24;23.44
60;21.75
43;29.78
66;20.64
14;19.34
49;23.04
16;23.63
61;17.42
15;21.3
17;23.7
29;18.72
23;22.04
13;24.23
15;25.67
13;17.97
17;19.56
30;22.84
27;19.95
75;19.99
58;19.51
27;24.4
46;22.74
63;17.14
47;20.46
54;22.7
28;20.75
39;21.05
54;19.41
18;22.13
49;16.85
15;17.18
19;17.43
50;24.12
25;17.19
25;19.08
30;23.63
23;18.55
36;21.85
37;23.24
15;23.15
16;22.88
26;21.49
28;18.5
47;16.88
49;21.18
27;19.04
13;16.64
28;28.82
20;23.47
61;17.15
30;21.77
16;22.09
57;20.9
12;26.21
27;27.87
37;21.59
47;24.34
52;26.29
52;28.58
41;22.02
42;24.0
14;31.2
40;18.92
41;22.09
34;21.56
57;21.83
17;20.45
50;19.13
21;22.45
19;22.28
19;22.89
16;21.07
57;24.16
46;22.21
34;19.99
27;20.36
26;22.9
60;25.02
36;18.77
55;20.27
38;18.76
27;17.72
27;22.67
38;18.27
18;20.1
28;17.07
21;19.47
44;23.53
38;21.18
21;22.17
15;26.85
16;19.31
12;25.8
59;24.3
56;27.29
45;20.94
34;29.53
52;19.42
16;18.16
22;24.27
45;23.29
16;27.87
32;21.45
13;24.12
39;22.58
41;21.76
28;19.51
56;28.19
15;22.7
40;22.51
15;17.34
20;17.28
64;25.81
30;26.3
13;24.0
48;24.25
18;23.02
22;16.5
34;19.62
15;27.56
34;21.26
12;20.51
44;19.23
41;24.67
63;21.99
44;22.38
51;22.01
17;18.53
73;17.39
32;17.22
23;23.7
60;21.82
54;19.89
63;20.59
19;21.02
57;20.23
38;19.97
17;23.24
41;19.81
15;23.46
64;20.58
19;23.56
42;22.99
43;22.21
14;28.69
30;28.24
39;22.13
18;19.71
35;23.97
12;23.13
48;20.38
27;24.61
25;23.66
23;21.8
19;24.66
25;20.27
48;21.62
29;24.18
28;19.24
25;27.83
28;20.21
28;24.89
15;22.65
41;17.99
12;18.38
27;20.67
13;22.38
19;23.38
26;23.01
14;22.92
21;19.2
18;24.04
27;18.45
43;19.09
29;23.89
49;19.1
41;18.77
26;19.27
55;21.1
44;16.57
12;23.95
17;23.07
20;20.81
41;18.59
37;24.28
27;24.56
44;22.93
26;20.14
25;25.57
22;22.52
22;18.61
41;20.63
17;19.62
17;19.27
14;20.85
20;22.63
28;19.77
39;24.89
38;19.92
27;22.36
24;18.62
79;23.67
12;23.77
47;18.89
13;18.56
25;22.37
38;19.56
14;28.51
20;22.18
56;21.91
25;22.48
54;29.77
43;19.42
39;20.91
63;17.94
30;24.17
45;20.61
33;21.07
46;23.59
64;22.65
43;20.17
19;24.44
37;19.59
22;21.66
36;22.21
24;23.2
35;19.16
39;25.09
43;19.83
12;32.21
48;19.02
35;19.96
52;19.54
18;21.62
28;17.44
19;21.87
21;25.93
19;24.59
33;18.85
23;18.06
14;21.25
20;27.41
17;17.76
17;23.45
34;24.29
18;21.83
19;33.27
19;24.24
47;22.77
63;19.95
42;20.11
17;24.65
14;29.32
27;20.32
45;19.96
15;21.41
46;19.53
48;23.0
25;23.96
35;28.26
22;18.76
58;19.95
30;28.93
47;22.23
25;17.24
42;22.94
27;20.06
22;25.69
32;29.06
14;17.57
25;22.81
43;18.38
37;18.13
27;21.75
47;25.01
34;24.15
46;21.51
19;23.44
28;18.04
16;24.43
56;20.65
36;22.22
60;29.77
18;22.45
16;19.92
45;21.11
13;17.42
16;20.34
43;19.39
45;27.4
27;20.24
12;23.3
44;24.45
28;25.26
15;24.44
27;19.79
18;18.88
56;20.23
15;28.15
53;21.74
26;28.86
15;19.32
43;20.33
17;23.63
12;24.11
42;21.64
41;21.87
13;16.61
19;18.41
13;18.94
56;21.61
25;19.71
12;17.93
40;28.38
32;22.34
61;18.57
36;24.65
49;19.3
33;18.61
18;17.49
14;29.7
12;21.78
69;21.19
20;23.84
13;20.41
16;18.67
26;20.62
31;29.53
14;19.45
49;21.9
38;26.62
53;17.29
25;23.15
26;23.92
46;19.51
35;22.36
67;22.31
25;22.48
17;22.72
25;19.05
27;22.8
18;22.1
44;21.94
50;20.6
16;20.82
30;24.08
36;18.52
18;16.8
20;23.13
26;22.09
45;19.54
62;22.24
54;19.96
41;18.26
62;17.75
30;26.92
24;19.04
26;19.98
23;22.86
49;24.77
32;29.81
24;25.01
28;21.29
12;18.61
18;26.16
20;18.96
28;26.21
27;18.56
14;17.71
27;21.83
29;17.56
13;22.98
39;18.98
13;20.41
41;19.84
27;20.87
33;24.22
15;22.75
62;19.98
21;22.78
68;19.1
20;19.11
41;21.13
27;19.57
13;21.1
46;28.34
17;17.88
12;24.35
25;21.97
15;22.5
28;20.81
40;23.92
37;34.82
20;17.17
12;22.74
39;24.89
12;24.72
23;21.87
12;23.28
16;19.38
28;21.06
16;18.6
30;18.53
19;21.53
35;24.02
23;23.98
24;20.69
16;24.64
19;18.32
40;21.03
14;22.07
29;21.83
34;18.88
80;22.92
14;24.11
34;21.78
20;21.72
27;20.67
40;17.88
21;23.05
52;20.76
61;20.59
29;24.88
50;16.59
26;23.27
23;22.71
28;24.1
16;21.35
19;16.62
23;28.85
20;25.03
42;20.69
37;18.49
39;22.61
19;23.56
67;20.75
23;21.58
79;19.28
17;23.15
48;22.48
48;19.36
20;18.28
28;19.39
34;26.32
43;23.84
14;21.96
47;24.58
27;22.68
67;24.56
12;24.0
47;27.91
17;22.52
15;18.09
28;23.28
55;23.02
46;31.54
30;20.76
20;25.37
16;19.0
58;22.85
16;19.81
33;21.22
35;18.88
13;29.18
19;19.81
50;23.79
36;27.1
15;27.46
24;17.95
21;18.64
22;23.07
16;17.77
13;23.09
27;28.87
13;22.71
24;23.86
35;17.9
22;16.9
15;17.58
59;20.55
24;18.16
35;22.68
23;18.8
59;26.97
64;19.0
22;29.07
24;25.13
42;20.75
40;21.87
69;24.15
30;19.98
43;21.17
27;23.22
46;21.2
46;22.87
14;22.63
18;22.46
24;20.87
34;20.29
21;27.79
28;23.52
22;20.47
16;22.12
15;29.79
46;20.9
49;19.25
60;20.43
15;27.99
12;18.46
73;16.93
27;22.07
28;28.68
25;21.51
25;16.84
29;21.08
52;19.69
23;19.63
38;24.0
22;19.0
45;19.74
28;24.15
48;17.18
25;22.91
34;23.62
28;23.0
35;24.22
18;18.79
18;21.12
13;20.29
17;20.27
37;21.3
23;17.48
74;18.93
27;22.93
55;23.13
13;22.74
30;20.17
26;24.6
12;24.26
26;19.63
44;20.68
41;18.71
68;21.73
37;29.04
28;19.24
34;18.94
46;24.01
25;18.58
42;22.06
16;22.87
68;19.08
45;20.52
15;18.2
54;23.36
23;20.22
37;23.37
59;23.56
43;22.54
38;24.64
47;20.27
23;23.93
58;23.85
15;17.9
17;27.82
77;26.35
40;22.83
13;20.1
49;18.09
13;23.07
32;21.63
13;23.28
14;19.72
25;29.53
53;28.87
39;22.45
14;33.39
48;23.27
40;18.23
14;17.94
19;22.84
48;17.73
19;28.01
27;25.58
23;19.81
69;23.34
23;19.43
62;23.84
40;19.91
14;17.5
12;29.6
60;17.56
71;21.46
28;23.35
40;26.79
56;17.55
53;22.2
12;16.57
18;21.07
49;23.62
64;19.11
28;23.06
12;28.89
34;20.57
14;21.45
45;22.85
18;18.66
16;24.85
28;23.67
21;16.97
22;22.51
25;21.77
59;18.42
32;16.69
16;29.86
59;18.29
17;24.16
39;18.42
27;21.45
27;21.08
40;28.78
22;20.52
16;21.71
28;24.41
20;22.62
21;23.42
48;19.81
17;18.65
42;23.53
17;18.22
54;24.16
69;18.73
46;22.65
33;21.09
37;20.46
63;24.05
29;19.82
40;24.85
26;19.21
62;21.69
15;24.64
27;27.32
57;18.29
21;26.59
63;19.71
52;18.61
29;22.2
38;18.56
55;20.52
55;23.43
23;20.32
44;23.02
79;20.86
51;17.29
13;23.02
13;18.93
32;22.84
12;21.44
28;29.83
42;19.72
26;23.2
33;19.74
12;20.42
23;23.22
15;18.73
33;23.03
64;23.16
74;24.6
20;16.89
28;21.91
15;20.28
61;26.42
53;28.42
57;18.57
13;18.65
52;18.72
12;22.48
21;24.18
15;28.2
51;20.34
24;26.34
60;23.17
15;20.38
46;20.39
59;26.03
24;21.09
41;22.31
24;23.88
32;18.5
26;20.33
36;20.12
39;20.57
60;18.96
27;25.15
21;25.43
49;21.5
16;19.32
15;18.61
13;24.42
77;24.81
28;18.61
16;21.87
19;20.91
35;21.97
23;23.32
25;22.08
26;16.7
66;29.83
50;18.96
16;18.54
45;20.89
14;24.27
15;22.23
13;23.4
26;23.39
25;20.07
16;25.95
26;21.6
18;21.04
12;23.07
53;21.44
30;24.6
37;24.09
50;25.36
26;22.06
55;20.8
35;18.25
42;26.69
71;26.74
16;16.54
26;26.15
31;21.05
21;17.63
26;24.2
13;18.67
24;24.03
12;28.79
50;23.15
53;19.09
27;27.09
37;20.66
28;21.46
45;33.79
36;18.98
36;18.49
25;28.68
44;23.82
51;25.64
25;25.39
17;18.51
25;23.86
24;20.39
56;21.53
19;24.06
44;17.37
23;29.26
28;19.9
76;20.99
17;27.79
19;19.25
77;17.15
49;22.91
23;23.73
40;22.14
12;22.39
15;27.18
20;27.11
56;24.12
28;24.8
30;24.38
26;21.29
22;25.33
51;23.37
26;23.77
13;21.51
22;20.33
13;18.57
27;19.46
24;19.74
45;27.98
27;18.8
27;24.71
59;18.14
42;27.72
27;24.85
32;18.92
13;23.61
15;16.94
51;19.7
15;20.03
32;21.27
26;20.34
62;22.46
29;23.51
57;23.98
52;25.64
12;23.61
22;25.21
30;19.62
13;20.32
59;28.21
17;16.93
39;22.05
26;18.54
28;24.85
25;24.2
24;18.94
49;18.53
26;31.5
21;19.78
61;28.42
21;18.8
24;23.36
38;19.4
24;19.83
28;19.06
12;31.91
45;20.85
35;22.91
49;18.71
36;21.53
28;22.78
22;27.72
25;19.56
27;27.38
37;21.21
39;22.13
41;22.93
42;20.66
76;20.75
36;24.81
40;17.97
17;24.72
17;20.48
22;21.78
25;27.76
12;22.03
25;17.02
47;21.32
17;20.32
16;24.18
41;21.38
12;18.47
42;19.33
36;24.54
60;26.78
21;16.9
65;21.13
14;31.91
26;23.92
26;24.03
28;22.62
17;23.63
76;20.86
20;27.51
59;20.78
63;22.24
18;22.19
17;26.77
16;20.35
17;17.95
48;28.43
74;23.69
15;18.01
52;23.62
12;24.3
26;24.52
44;22.29
33;23.14
20;29.83
13;22.05
65;23.5
44;19.42
51;24.44
23;22.9
63;24.11
52;21.72
14;24.44
14;21.99
41;18.3
38;19.09
15;22.51
30;16.98
14;24.47
17;16.69
27;20.42
40;23.7
28;20.27
31;20.0
31;18.75
24;20.04
40;19.54
59;22.99
49;22.11
22;25.0
34;23.47
19;19.1
18;28.46
28;20.74
53;20.28
19;19.43
18;24.01
29;23.27
61;18.65
24;18.13
31;21.83
50;17.41
25;19.17
29;18.72
12;29.22
36;17.16
29;22.83
15;24.39
15;24.89
39;24.81
18;22.93
16;33.74
13;16.59
15;22.18
35;17.55
66;19.88
45;26.47
26;23.04
29;17.22
48;24.18
24;26.01
13;19.51
28;20.53
17;19.12
14;23.15
22;16.69
45;20.53
45;22.84
67;19.66
64;23.76
16;20.49
47;17.14
25;20.94
28;21.62
14;24.25
20;19.51
60;17.62
58;24.45
59;16.89
26;18.95
25;18.78
49;23.18
20;20.29
44;24.8
14;22.66
20;20.28
26;24.09
15;23.25
63;21.93
33;19.18
12;23.1
18;24.15
63;20.76
13;21.05
42;26.28
46;23.77
23;20.75
39;17.37
18;27.38
15;25.62
37;23.05
34;18.94
13;20.32
17;24.54
35;17.06
25;20.3
31;18.11
59;19.18
24;26.87
43;18.71
37;18.48
13;18.9
20;17.95
57;23.0
53;21.42
12;22.35
40;17.12
59;24.45
40;20.22
12;19.09
48;24.6
80;19.22
25;18.8
71;22.21
13;20.91
45;19.29
45;23.84
26;29.59
18;27.14
41;24.04
12;23.01
13;24.74
49;16.72
21;20.24
27;22.74
39;24.53
46;17.29
58;23.61
17;20.51
15;20.47
15;22.15
17;21.8
20;25.08
16;27.42
28;24.41
14;26.66
40;22.51
47;23.38
14;22.77
40;18.5
19;22.87
58;28.01
13;20.63
14;23.89
24;22.15
58;24.57
23;17.01
26;21.89
28;19.38
41;19.97
33;24.64
18;18.03
46;23.84
38;24.48
16;18.13
61;22.28
26;24.3
41;24.09
51;24.17
23;24.77
25;24.78
23;20.99
59;23.26
25;21.7
59;19.6
17;22.45
39;21.64
44;19.61
36;23.64
20;18.71
22;19.75
45;23.07
22;18.85
26;17.2
54;31.93
13;20.82
18;21.21
31;17.13
14;19.41
13;23.37
76;23.22
40;21.77
12;22.05
21;18.56
34;19.94
40;17.96
15;18.56
25;22.56
40;17.36
27;20.83
23;16.52
15;21.9
27;21.63
42;22.38
36;22.49
21;20.83
32;22.02
43;21.94
24;19.92
19;23.57
15;28.55
26;21.55
13;19.8
23;20.61
19;16.8
23;19.41
43;25.52
56;20.55
25;17.96
19;18.31
26;24.43
42;17.12
12;23.22
21;18.66
29;22.78
31;22.27
49;28.75
21;18.6
20;21.13
60;16.81
80;19.08
28;20.2
22;20.96
26;21.26
15;18.59
45;20.4
17;24.25
51;28.48
18;22.64
18;16.91
74;24.74
48;23.19
24;19.39
66;20.53
50;19.3
38;20.72
44;19.91
12;29.57
30;22.24
16;17.02
27;22.5
24;17.02
33;22.97
28;19.6
42;24.87
18;28.17
17;21.79
28;29.4
21;22.8
20;22.47
28;20.3
57;24.46
32;21.08
36;19.97
62;18.46
19;23.14
50;24.68
46;20.0
27;24.61
27;25.86
59;23.96
33;26.14
48;20.52
26;24.11
28;24.11
16;23.89
41;20.94
46;29.38
43;22.87
67;28.14
39;21.44
14;20.61
24;29.38
28;18.57
21;19.21
12;19.66
33;18.8
26;20.18
55;23.65
33;21.34
29;25.46
37;22.75
45;20.82
17;19.73
17;22.61
15;22.3
46;21.68
50;19.66
25;22.93
62;19.56
15;25.74
35;20.72
15;21.64
47;22.66
13;20.13
23;24.51
18;22.53
17;27.96
36;18.54
32;22.76
24;19.35
13;27.34
17;28.23
13;22.24
28;22.63
29;22.59
58;21.33
33;23.36
13;22.76
33;20.21
13;21.0
28;23.69
45;20.32
20;22.66
25;21.24
53;20.57
42;20.6
56;24.71
13;21.66
17;29.84
22;26.69
28;21.56
15;20.18
45;27.28
12;24.75
34;19.28
31;24.39
29;21.29
45;20.46
36;21.36
44;18.51
31;20.58
20;23.8
45;19.1
20;21.63
23;24.03
16;25.58
22;24.03
15;22.28
25;27.46
23;17.75
23;16.54
15;27.17
33;28.7
49;17.25
19;23.52
27;23.63
35;23.97
26;17.11
49;24.01
53;23.82
28;21.74
12;26.39
21;28.28
19;21.05
24;22.17
14;19.54
36;22.54
19;27.39
27;21.7
50;20.21
26;20.67
30;21.5
56;23.09
42;16.52
73;18.36
33;22.87
21;23.34
25;22.9
26;27.13
53;18.18
47;21.8
22;17.18
39;16.53
26;18.3
37;26.87
42;21.97
30;20.86
12;28.5
39;26.17
18;18.87
12;23.01
51;20.2
35;21.21
33;20.66
25;21.61
34;22.79
27;24.87
12;19.45
64;25.28
64;22.71
29;17.05
48;17.19
33;16.55
20;17.28
28;21.82
19;20.11
15;22.8
27;26.79
14;24.15
13;27.77
48;23.6
16;21.47
71;18.73
40;24.11
27;20.81
14;23.48
18;20.02
51;18.9
29;20.53
47;24.39
19;18.39
29;26.78
27;18.78
13;21.1
28;18.96
33;24.82
39;21.73
61;22.64
43;34.57
62;20.4
45;22.77
30;18.79
31;20.42
17;17.9
26;29.15
46;17.91
46;21.99
13;21.43
36;22.57
27;19.48
12;24.83
26;21.17
33;28.61
27;25.49
45;22.27
31;16.62
28;23.83
27;22.31
14;28.31
43;20.26
25;21.05
13;24.2
62;18.35
71;24.4
29;28.0
13;29.11
26;23.82
17;20.6
12;25.04
46;23.49
53;24.69
13;18.74
62;18.91
41;24.35
15;17.2
26;19.74
54;20.54
22;19.09
66;17.55
17;22.03
28;24.77
28;19.86
25;28.7
19;17.04
23;21.02
14;28.42
25;18.09
34;24.51
43;23.8
22;20.29
27;23.09
28;20.21
15;27.77
12;20.4
44;22.18
41;17.97
49;18.1
42;18.49
24;23.41
13;16.7
69;23.26
15;18.51
19;22.81
44;16.56
15;20.49
48;18.83
59;22.39
48;24.41
12;24.55
13;18.98
15;22.68
37;20.24
54;21.01
62;18.85
46;16.6
17;22.44
43;18.54
28;17.58
21;17.27
14;29.29
17;21.37
23;21.31
19;18.02
27;21.76
40;24.2
13;22.49
40;21.08
24;21.61
14;19.61
39;19.19
64;20.48
12;22.66
27;22.92
20;19.29
18;34.02
42;17.83
26;18.79
26;23.67
49;18.9
36;28.91
12;26.67
20;21.15
57;19.61
29;26.74
29;24.55
19;22.3
27;19.55
24;24.45
26;20.23
31;19.24
20;21.15
28;22.97
31;21.03
13;21.16
23;20.0
42;21.88
28;20.91
20;24.86
21;19.0
16;18.24
37;18.64
47;28.19
40;24.23
24;18.43
16;19.68
28;16.58
14;18.95
38;18.35
34;18.67
15;24.41
47;20.43
35;18.44
33;24.37
27;28.19
23;17.54
22;18.42
18;18.79
21;33.12
33;22.27
15;19.34
67;24.62
27;22.82
75;20.79
46;21.61
37;20.11
27;22.73
39;28.54
14;22.84
45;18.61
44;18.74
29;18.88
52;28.84
16;17.5
28;22.99
40;19.99
60;18.64
17;24.84
47;23.5
17;26.46
43;24.46
32;20.9
13;23.32
26;26.09
28;19.56
12;21.35
27;20.82
14;22.4
17;17.57
20;18.67
12;22.8
50;18.97
43;23.05
12;20.72
30;24.77
49;19.2
44;17.73
20;19.54
16;24.2
31;17.62
16;28.09
19;23.24
26;23.15
34;20.24
14;20.33
14;18.73
17;22.63
13;23.17
21;20.44
31;19.64
15;18.77
18;24.5
17;22.52
28;25.07
36;21.21
35;23.88
47;21.55
14;22.49
14;20.25
30;17.46
45;31.32
13;20.59
12;22.07
48;21.53
38;20.11
17;21.03
39;19.27
17;23.48
22;24.53
26;23.1
14;21.65
17;18.53
28;27.17
58;24.0
12;20.59
17;22.1
12;24.6
36;20.38
33;28.69
39;22.45
45;24.29
19;23.9
21;18.93
17;24.0
48;19.25
56;21.86
26;20.41
33;21.68
18;17.34
18;19.58
20;17.98
58;21.32
27;23.46
25;22.16
37;28.62
25;16.52
80;17.82
15;20.16
57;24.09
28;20.65
64;19.23
49;17.71
24;21.82
17;21.64
28;18.58
49;22.6
24;24.88
18;20.93
19;18.82
30;20.69
38;23.47
24;18.7
41;23.39
29;19.62
49;18.83
38;25.41
12;24.31
47;22.18
13;17.94
12;18.13
13;23.99
33;20.74
39;22.57
45;23.41
16;22.01
12;20.81
46;18.36
31;19.14
14;24.28
78;34.33
28;21.78
17;17.87
42;18.68
26;24.57
16;22.73
14;22.33
20;23.61
32;21.87
15;23.13
25;18.42
20;20.8
21;21.25
36;21.88
46;17.93
34;23.41
25;20.09
44;20.11
41;19.42
54;24.78
32;16.82
21;23.56
34;17.81
33;23.95
34;17.0
16;17.11
28;24.51
78;18.57
31;18.13
28;19.51
18;21.2
28;20.88
26;18.44
61;23.49
47;23.1
24;16.92
52;21.0
20;18.74
19;20.84
35;19.72
62;27.6
13;24.31
28;21.8
28;20.27
32;21.49
27;23.16
59;22.34
44;20.92
43;17.77
68;17.38
26;25.89
48;21.47
22;18.02
23;16.92
56;18.84
63;19.15
23;17.31
45;22.91
46;16.85
27;21.66
62;21.11
43;23.95
60;24.4
47;21.01
19;24.64
18;24.58
12;19.01
23;19.45
19;23.71
24;17.29
14;19.07
34;23.76
27;18.09
33;24.51
20;24.0
28;17.98
24;23.46
28;24.27
27;17.61
14;25.67
51;19.7
61;21.36
39;18.5
38;21.18
23;19.98
48;19.17
74;16.52
13;23.68
27;19.93
38;19.6
32;22.62
21;17.22
63;27.0
58;24.5
25;20.87
24;20.39
30;26.39
62;24.3
51;22.64
13;17.68
27;19.62
28;17.93
48;23.58
49;24.36
27;19.37
19;19.92
51;21.78
36;19.43
41;17.71
57;22.76
58;21.9
46;28.98
19;23.88
18;28.87
19;19.87
34;20.0
12;24.09
69;24.46
28;26.03
39;23.27
16;20.81
21;19.06
26;21.66
45;24.86
28;24.33
28;27.31
26;24.35
56;17.95
13;18.54
33;23.65
31;18.45
44;22.85
22;18.5
18;23.3
17;16.96
14;27.39
45;20.04
26;23.27
59;31.06
23;19.65
61;26.5
32;18.84
12;22.86
27;17.26
15;18.6
19;20.53
42;17.51
18;20.83
20;23.08
26;21.36
26;19.59
60;19.37
21;21.96
16;20.5
16;19.05
61;24.12
39;28.24
48;29.34
50;27.53
60;17.23
26;20.8
13;23.9
29;28.88
16;22.49
25;19.74
20;18.87
32;19.18
38;19.42
17;24.74
20;24.5
14;23.89
19;23.18
21;21.11
16;24.67
21;19.81
12;23.72
41;22.75
31;19.37
28;20.61
12;20.31
27;27.8
12;20.37
14;21.18
17;19.78
56;19.82
21;22.11
31;21.4
58;22.75
14;20.47
24;23.66
40;21.7
28;23.44
26;23.31
19;18.14
40;17.53
14;21.4
41;26.86
23;24.68
14;24.0
30;23.79
47;18.98
25;28.44
32;23.73
16;18.59
27;20.71
40;18.62
48;19.08
22;21.31
28;26.58
18;21.51
64;18.81
23;19.51
22;22.55
32;24.49
12;20.6
29;23.49
17;21.11
21;24.46
17;28.12
21;22.87
44;16.66
26;21.51
28;22.36
20;22.44
26;17.63
28;23.83
21;23.48
23;20.16
28;17.97
34;24.11
15;24.89
32;19.66
23;18.87
48;27.52
14;24.77
52;19.34
25;18.56
28;24.34
27;23.75
28;18.02
12;24.79
60;28.42
46;22.82
12;23.68
36;18.94
30;18.78
20;22.05
42;24.02
46;18.03
26;24.24
14;19.5
36;28.04
45;18.19
25;21.87
55;29.9
41;28.09
32;23.63
23;18.31
44;23.85
44;17.23
14;22.91
28;22.32
49;21.24
12;20.65
16;22.86
16;20.82
12;19.25
31;17.25
36;18.86
28;21.72
14;19.84
55;23.52
28;19.87
28;24.67
44;29.69
26;23.72
29;19.15
21;24.44
40;21.04
25;16.93
61;23.29
40;21.78
18;23.1
17;23.44
63;18.47
22;21.12
38;16.98
44;21.05
16;21.79
56;27.04
12;21.83
19;23.29
48;19.74
42;18.54
13;19.32
27;22.54
21;18.11
75;17.58
25;19.17
15;17.08
42;34.88
14;19.75
28;20.06
30;20.12
12;22.04
42;23.43
25;18.71
66;26.38
33;23.57
60;28.04
33;24.6
30;18.53
64;23.42
18;16.59
37;17.51
44;21.58
25;19.82
16;21.44
28;22.25
28;23.43
32;25.71
21;21.93
44;23.23
29;23.2
16;25.66
38;20.3
40;24.88
27;24.69
50;23.61
49;20.64
22;20.27
75;23.7
46;22.67
41;23.15
27;19.74
42;21.39
39;19.49
26;22.98
64;20.35
52;18.85
15;24.1
42;31.79
14;18.37
15;24.87
38;19.41
29;21.24
16;24.0
16;16.68
13;21.37
33;23.2
32;24.74
26;24.88
48;20.32
34;20.08
23;17.77
54;21.12
46;22.66
30;21.58
20;29.3
35;20.33
27;16.69
17;29.71
14;23.66
18;17.76
12;28.82
21;16.62
20;20.54
12;23.69
16;18.24
25;21.63
24;20.2
35;16.5
41;23.89
58;23.88
20;21.69
62;23.71
48;18.71
52;19.03
31;20.87
44;23.26
14;17.84
20;18.34
15;20.13
28;20.07
51;21.1
48;22.11
23;22.89
16;23.55
31;19.52
15;17.75
17;28.54
26;17.92
12;22.63
29;19.85
52;19.87
12;18.34
12;22.4
25;20.53
27;18.71
63;25.75
14;20.0
28;25.81
23;19.78
14;23.93
59;18.7
60;24.66
34;26.22
22;32.81
16;19.41
27;20.14
38;20.45
22;20.15
20;25.11
25;20.64
20;22.24
28;20.27
19;17.12
20;23.38
15;25.42
17;18.13
24;22.75
23;19.36
67;26.92
16;24.79
36;21.44
31;20.81
37;18.58
38;22.93
12;24.3
41;21.22
28;21.78
54;24.66
52;20.04
17;29.31
27;18.21
77;22.2
40;27.94
14;21.77
43;21.94
16;28.96
22;21.29
19;23.49
28;24.05
14;18.45
15;26.76
49;18.24
32;18.07
29;23.86
21;22.54
72;20.96
40;24.61
16;22.04
18;22.38
16;18.69
39;18.56
22;23.96
21;19.85
16;21.79
12;23.67
14;20.44
13;17.22
66;17.16
24;16.6
50;23.67
14;20.51
46;20.0
63;19.45
16;19.94
42;16.88
50;18.35
19;16.87
14;17.96
23;18.76
12;18.49
17;19.13
21;20.95
35;21.74
13;17.02
28;18.58
13;21.06
38;21.98
64;18.84
61;17.57
23;19.33
47;23.82
38;23.29
16;27.96
64;19.53
34;21.5
22;24.29
42;22.4
40;18.63
60;24.79
59;17.25
25;22.8
21;22.53
31;23.48
23;21.92
32;16.67
40;23.82
45;21.39
19;27.04
13;24.21
14;22.58
32;24.36
39;22.78
51;19.33
13;21.9
28;19.53
25;21.7
32;20.8
13;21.49
30;18.96
20;22.29
20;23.81
16;17.25
12;24.62
64;20.92
29;25.27
26;20.96
46;19.76
24;23.77
21;16.93
16;17.86
18;22.48
43;23.8
26;17.85
19;18.34
22;19.05
17;19.47
54;23.03
57;29.62
15;24.76
61;33.79
13;20.38
49;22.85
21;22.21
20;24.89
15;21.17
13;25.82
28;23.32
15;23.33
47;22.48
48;28.57
60;26.34
39;19.93
13;21.27
27;23.13
28;16.74
16;20.34
62;21.79
14;21.85
44;19.42
19;24.44
59;22.0
69;23.21
15;26.88
28;21.28
28;23.16
23;18.72
12;20.99
49;18.58
30;24.17
49;19.12
13;20.5
26;21.5
39;21.18
25;20.04
26;28.48
14;23.83
12;19.86
17;19.92
16;20.96
26;18.88
28;22.16
46;21.58
41;23.6
12;24.59
15;20.02
13;18.61
13;17.98
28;20.24
52;23.68
37;18.86
23;24.7
24;20.29
16;23.11
30;21.82
24;19.82
23;23.17
31;17.38
23;23.17
22;23.27
64;29.3
40;16.6
30;21.08
36;19.39
61;18.58
23;22.16
33;24.64
32;19.94
23;24.87
40;20.3
64;24.5
30;23.87
15;21.03
15;17.84
36;16.68
77;24.24
66;22.23
20;27.27
58;19.99
17;22.04
43;21.71
28;18.78
64;17.15
20;21.69
24;20.07
34;17.46
26;20.04
16;20.57
18;17.17
28;26.67
35;17.64
23;23.19
33;23.32
45;23.22
26;21.13
37;16.63
19;28.29
16;18.93
12;17.7
12;23.48
44;25.8
28;22.71
42;18.65
53;18.84
23;26.27
24;18.82
38;28.29
15;23.73
17;20.65
36;22.03
42;24.82
15;17.9
14;18.24
22;25.15
77;22.34
44;23.49
37;19.12
27;23.73
26;20.66
26;19.05
54;21.62
16;22.24
17;28.55
18;17.09
78;24.61
19;17.96
15;24.17
60;20.97
21;27.17
16;22.14
28;18.77
29;20.43
15;22.25
20;19.12
16;22.32
31;25.16
20;19.96
26;19.16
27;25.26
28;21.86
15;24.14
12;21.59
33;24.53
22;19.52
47;22.33
18;21.11
46;21.93
18;23.99
27;25.81
26;22.33
50;23.49
18;22.27
36;24.55
35;21.02
48;21.73
37;23.08
23;18.74
13;18.62
78;19.91
34;16.82
23;24.36
48;23.35
24;20.14
16;24.88
28;20.78
15;22.69
15;20.77
13;17.23
17;22.77
38;23.41
63;23.66
27;23.09
15;24.08
47;17.51
22;24.45
38;20.18
42;22.63
47;22.44
25;19.46
61;20.69
14;25.44
22;19.89
19;19.15
38;23.15
61;18.76
20;25.88
29;18.16
14;31.06
24;19.85
16;17.52
22;21.77
15;19.92
12;22.7
80;20.25
62;23.28
46;24.75
21;17.91
48;24.84
48;22.7
21;18.15
40;23.24
62;21.85
37;18.56
50;20.53
43;17.11
21;18.64
28;21.74
27;21.51
57;24.02
62;16.74
23;16.87
23;27.33
16;23.08
12;20.81
38;19.58
30;18.58
51;20.45
12;23.0
53;22.1
26;23.93
21;21.34
14;18.02
27;23.4
26;23.21
12;20.69
27;22.33
22;18.5
41;26.11
12;16.69
29;19.87
33;23.99
59;21.78
20;28.04
24;26.37
48;21.36
20;22.24
62;22.76
27;19.5
27;21.39
32;22.2
24;19.0
76;27.07
38;27.65
23;24.51
21;21.89
13;24.44
41;28.16
45;16.67
33;23.13
18;20.05
33;23.08
23;24.31
14;20.78
40;16.59
27;32.39
25;19.88
30;22.72
19;21.74
27;23.08
36;23.19
12;24.33
15;18.63
16;21.32
44;19.87
22;16.77
58;19.81
21;18.65
29;20.92
38;23.6
64;22.62
40;20.09
14;19.35
13;20.44
37;24.46
60;19.73
14;18.69
33;18.65
57;20.84
13;24.53
47;21.47
37;24.0
37;21.96
46;21.73
36;21.7
25;22.42
51;32.62
54;27.67
19;23.43
43;24.72
24;21.43
12;25.31
56;24.81
26;21.29
62;22.66
26;28.18
17;22.62
60;29.67
17;23.12
63;23.95
28;20.48
32;23.28
48;24.02
32;21.04
13;21.85
20;20.98
33;17.04
32;20.52
15;23.58
71;24.19
15;23.39
14;22.72
19;24.43
21;22.52
16;20.94
23;29.31
33;20.82
31;22.76
19;18.99
15;21.82
26;24.26
58;18.08
30;23.7
23;23.72
42;31.7
74;20.76
27;20.32
28;22.26
42;21.1
19;23.16
16;18.48
35;22.93
26;23.65
52;24.27
13;32.17
23;20.43
52;24.27
48;19.3
24;24.84
13;20.16
22;20.91
16;24.89
53;20.25
41;23.94
61;23.78
26;28.06
22;24.88
21;22.47
22;21.85
22;20.27
19;24.51
17;22.29
47;19.7
14;19.34
25;18.65
49;19.41
47;19.99
20;16.95
30;23.88
30;21.38
35;24.05
21;18.66
33;20.66
24;28.69
42;21.66
38;19.72
45;22.4
15;25.34
27;22.72
15;23.96
37;21.42
47;19.06
25;16.76
12;21.34
24;26.5
36;24.43
27;19.94
18;20.31
49;23.53
15;27.62
25;20.87
63;23.29
33;29.22
57;20.96
19;19.65
14;17.96
30;22.9
17;20.45
36;20.38
31;21.01
17;19.92
60;20.82
31;23.16
39;21.13
32;23.57
49;18.92
24;16.9
25;25.43
55;22.99
13;19.02
23;16.72
15;23.4
22;24.52
28;20.46
26;20.16
16;23.82
52;21.78
31;17.57
15;20.42
28;16.56
28;24.58
18;21.37
22;22.23
44;21.5
16;21.65
27;18.73
37;19.46
17;18.55
61;20.96
16;27.0
20;21.22
26;29.9
15;17.87
69;20.85
20;19.61
12;17.29
18;22.9
17;20.94
37;18.77
13;21.74
17;23.02
59;17.34
49;18.38
36;26.0
18;29.86
34;17.08
26;18.57
42;22.05
45;23.55
22;23.36
34;18.56
29;19.25
13;18.97
26;17.29
28;26.45
42;18.06
12;21.0
18;22.29
27;21.63
55;23.96
24;22.09
12;22.44
29;17.55
49;23.15
19;17.45
37;16.96
41;19.85
13;26.23
15;23.17
60;20.65
19;32.04
39;22.77
19;17.47
23;23.87
25;22.72
18;23.25
40;22.19
55;22.1
59;18.57
33;22.6
15;18.57
49;20.01
31;21.71
33;22.96
44;16.73
38;32.54
20;23.1
34;21.88
22;22.38
26;22.84
55;21.58
45;26.46
49;19.28
24;29.27
17;22.32
14;20.36
26;22.36
25;26.66
74;23.17
44;21.51
17;21.67
13;20.13
29;18.73
12;19.9
22;21.45
33;24.12
13;19.53
18;22.87
56;18.04
15;20.26
12;19.66
58;33.48
48;23.32
53;18.6
48;18.78
46;18.64
64;20.86
16;26.74
15;18.68
29;20.44
35;23.7
37;23.56
41;27.31
15;23.96
31;18.95
44;19.73
12;16.93
23;22.12
17;17.62
22;20.87
28;23.16
44;23.6
32;22.8
53;20.55
14;18.51
27;20.88
22;23.17
35;16.99
37;19.27
32;23.53
17;21.12
28;18.87
34;22.16
78;17.04
24;16.51
20;23.69
46;18.64
46;20.94
28;22.77
38;29.87
26;19.0
80;21.36
17;24.76
44;21.31
40;23.65
69;16.79
12;28.9
32;22.36
27;20.92
23;21.74
45;18.23
38;18.24
27;28.47
30;23.18
33;19.3
31;19.12
16;17.65
27;17.85
14;29.18
27;26.49
48;28.16
19;23.99
47;26.25
23;22.71
48;16.74
12;24.27
59;18.84
59;17.52
19;20.72
21;18.07
35;18.82
70;24.79
57;19.92
63;17.19
62;22.34
39;22.81
39;21.65
23;23.19
38;20.41
67;24.37
54;20.51
31;21.69
42;18.54
36;22.82
14;21.9
16;22.89
59;20.64
19;19.24
63;16.9
28;22.7
35;21.69
20;24.17
22;25.28
64;20.24
14;18.88
42;23.82
25;23.13
38;19.46
24;22.93
22;19.52
26;23.02
14;17.08
14;24.36
26;22.46
13;25.07
26;27.38
12;24.41
22;21.05
28;17.34
37;22.75
55;17.21
25;21.1
12;27.68
34;22.18
30;20.02
35;17.45
22;18.7
38;21.55
21;33.95
17;18.18
32;17.01
47;21.11
48;18.27
23;19.64
48;27.84
14;19.25
77;29.86
22;24.02
24;18.27
20;21.93
59;18.85
13;19.57
41;17.82
27;18.8
25;19.31
29;18.6
15;20.49
18;28.51
28;24.39
16;16.64
22;16.64
39;19.07
73;28.77
51;18.7
48;18.76
60;18.58
20;21.25
15;21.37
18;24.31
16;17.12
12;20.04
37;24.64
31;19.78
23;24.23
13;22.86
39;22.24
19;22.63
78;25.8
60;18.28
26;23.08
18;21.71
18;18.85
49;25.82
48;22.23
75;21.32
26;23.7
61;17.37
21;19.89
33;28.18
54;21.35
16;21.53
36;21.69
28;24.51
19;18.54
17;31.69
25;18.77
33;21.15
29;23.29
24;26.08
64;21.99
31;18.58
17;17.66
17;18.42
16;16.69
61;23.68
15;23.58
54;18.78
24;21.24
28;19.69
16;23.28
19;23.61
27;18.95
22;21.67
63;28.82
53;21.62
13;23.12
49;18.72
63;19.5
51;19.48
18;20.49
20;21.38
63;24.58
17;23.78
18;19.92
20;24.77
28;20.06
22;25.11
15;17.99
35;21.61
64;19.55
13;22.85
44;24.61
12;21.08
50;17.57
41;29.07
49;22.32
45;21.23
60;22.03
24;22.95
46;24.39
28;23.07
13;18.74
58;21.98
45;24.17
19;28.17
22;20.85
48;18.74
23;21.2
31;20.66
54;20.22
13;19.88
49;22.44
31;19.67
19;22.02
47;22.19
18;19.66
36;19.49
45;23.24
74;17.87
20;23.65
22;26.49
12;22.13
70;21.98
41;19.26
53;22.92
17;20.69
13;19.08
42;21.15
42;19.89
19;24.68
31;28.59
34;21.15
24;21.75
17;18.26
20;22.97
47;16.79
12;18.45
47;22.19
23;27.75
31;18.48
37;17.95
12;19.64
23;17.46
18;22.43
20;22.69
62;18.62
47;16.93
28;19.28
26;17.44
28;19.61
60;22.53
24;22.75
47;24.14
45;21.44
39;22.81
26;23.93
57;21.89
36;20.32
43;20.95
49;20.92
15;25.87
18;26.89
27;24.22
22;22.72
28;19.17
47;25.5
26;19.15
17;18.08
57;22.37
38;27.52
63;18.84
43;18.8
18;24.55
59;22.31
35;24.43
64;27.15
18;19.0
16;18.66
64;23.81
30;16.61
25;21.31
21;22.91
54;22.33
45;19.04
12;24.88
21;22.12
37;19.08
58;26.1
30;23.91
28;21.19
56;18.83
14;26.66
20;26.18
21;25.92
55;26.51
13;23.44
28;18.44
34;22.22
57;17.34
60;29.15
13;25.37
13;21.06
70;20.15
31;21.76
22;20.65
28;19.37
45;20.25
40;23.3
24;21.33
31;23.48
35;17.21
32;20.9
13;20.62
38;28.46
46;20.66
27;19.43
13;19.46
12;20.22
41;29.73
15;20.41
26;26.0
12;16.67
19;24.0
26;21.26
13;26.26
17;24.2
46;17.55
24;22.69
17;17.15
57;20.72
27;18.89
47;20.82
39;20.38
58;23.27
30;17.56
28;17.42
17;27.24
12;18.72
27;24.73
12;17.44
29;24.79
13;19.37
15;27.63
12;19.14
23;18.54
13;18.9
21;19.21
24;21.62
13;22.42
27;20.8
51;19.77
40;20.53
12;16.8
16;20.86
49;23.33
26;19.29
20;29.9
32;20.89
20;20.87
24;18.77
26;20.5
61;23.75
14;22.24
28;24.72
24;22.09
16;19.07
56;34.97
24;28.11
30;17.57
49;19.34
16;29.75
19;21.93
16;20.82
24;23.07
50;22.19
12;20.1
43;24.23
34;20.73
20;18.89
35;23.67
13;21.07
35;23.65
46;25.39
22;27.43
16;28.59
19;20.44
26;22.5
32;29.69
21;26.83
14;18.92
38;21.04
26;23.04
48;17.1
39;18.59
28;20.65
22;28.57
48;26.07
27;24.58
16;24.86
14;23.8
27;19.28
40;19.52
15;20.83
42;18.22
12;19.16
49;18.64
33;27.84
18;21.62
55;23.61
16;19.41
29;20.0
50;17.66
45;20.39
13;18.92
27;20.59
64;29.31
18;21.81
12;19.88
24;26.94
62;18.94
17;21.78
15;29.79
35;20.27
16;23.51
37;18.63
20;21.7
31;18.82
22;19.12
23;27.45
20;18.9
16;18.95
21;21.4
27;24.14
27;18.0
27;18.18
16;20.3
27;20.91
14;22.16
39;24.05
20;21.43
15;16.72
64;23.46
23;29.08
48;19.73
56;22.23
17;21.87
17;27.98
16;18.5
22;22.63
34;26.27
15;22.87
40;27.62
41;21.97
15;26.89
37;22.18
19;20.24
19;20.08
50;22.98
80;22.35
38;19.14
15;22.79
40;17.86
51;21.42
17;22.96
21;20.05
42;21.15
17;24.12
14;23.53
22;24.02
15;18.01
13;28.85
60;24.8
41;27.16
33;21.85
63;24.79
22;19.96
55;19.0
25;18.17
21;23.63
46;18.74
15;23.13
37;24.33
43;20.09
27;22.8
25;19.71
17;19.08
66;20.12
75;20.02
18;21.59
48;17.58
25;21.03
33;19.58
20;21.09
17;22.46
18;24.89
55;25.96
29;28.63
41;24.77
29;21.12
33;17.8
45;24.01
32;18.92
14;22.09
27;24.81
21;19.85
25;18.53
48;17.82
15;21.42
37;24.26
15;22.5
13;17.48
17;20.86
23;19.2
16;24.8
21;22.62
40;22.83
16;18.83
16;19.38
19;24.41
13;24.89
38;24.16
47;19.48
50;24.45
25;17.16
49;22.97
29;23.32
44;21.9
14;22.99
60;18.22
16;24.19
15;20.83
47;23.83
42;19.26
15;22.54
40;26.76
43;23.96
31;21.14
13;25.92
14;22.78
19;22.75
56;22.02
25;24.28
21;18.23
16;27.78
74;29.68
28;23.34
24;17.01
55;22.37
21;24.88
32;22.21
15;19.65
15;20.48
49;24.14
27;27.6
17;16.52
52;16.8
13;19.02
25;24.8
42;20.41
22;17.58
29;22.24
46;24.81
49;21.11
25;21.23
69;19.74
64;20.65
53;16.99
21;25.73
56;18.91
21;19.92
47;17.4
52;18.17
25;27.15
27;21.14
48;22.1
28;24.33
23;26.82
12;28.67
38;21.9
62;23.77
33;21.43
14;17.67
28;19.2
47;22.74
19;18.31
28;22.03
23;22.19
44;20.64
14;23.39
55;24.01
15;17.01
48;17.23
15;27.29
28;21.14
14;21.42
48;29.03
28;22.36
16;17.46
13;18.98
53;21.54
25;22.71
15;26.55
47;21.92
45;18.65
28;19.85
36;22.76
14;23.28
14;22.59
20;18.44
13;18.9
38;17.26
13;20.9
27;17.87
32;18.63
28;25.94
29;23.73
13;21.45
37;20.6
39;19.84
46;27.98
28;21.49
47;18.04
40;19.74
17;28.24
20;27.27
71;20.18
28;24.2
40;22.97
43;17.84
78;20.44
46;23.88
13;22.99
27;28.89
28;21.82
23;22.82
17;18.54
14;23.52
28;18.35
74;24.48
53;18.97
14;18.77
32;18.62
33;26.01
37;22.92
39;22.95
14;17.77
15;21.55
14;23.89
33;18.59
39;34.57
26;28.57
55;21.0
15;27.88
26;18.61
54;19.08
16;24.05
33;22.36
39;17.16
55;16.58
19;20.18
23;16.55
27;23.36
31;28.98
13;19.52
18;18.18
19;22.93
12;17.74
43;17.74
16;24.2
40;26.98
13;18.7
26;20.97
28;23.85
48;23.23
24;24.01
24;22.81
25;25.56
44;17.89
12;20.77
44;19.46
47;24.27
48;17.6
34;27.66
48;22.45
52;24.06
18;18.81
19;22.85
29;27.59
26;24.28
39;19.1
12;18.06
25;18.6
43;24.61
31;16.7
28;23.93
56;20.66
60;24.55
28;17.83
31;19.88
20;18.63
54;18.68
73;21.76
47;20.44
12;16.62
22;19.8
26;22.96
35;18.76
37;23.53
55;24.15
17;20.19
41;33.51
14;19.98
15;16.96
17;17.1
16;24.25
57;20.55
23;19.04
68;19.14
55;17.41
53;21.2
20;21.25
31;19.75
20;20.94
39;24.21
26;18.89
13;21.36
62;23.89
74;23.82
24;21.96
52;18.95
18;22.32
34;21.94
13;23.33
43;19.74
17;29.44
13;22.93
26;20.12
37;16.81
16;19.96
12;16.74
28;20.42
16;22.89
13;19.25
15;27.06
69;21.28
16;18.0
25;18.43
49;20.13
43;19.76
58;20.15
47;23.96
40;22.3
27;23.95
47;22.61
39;18.96
28;21.99
26;32.37
16;22.99
49;20.67
12;24.76
46;21.0
33;18.64
18;17.27
52;22.86
21;24.54
17;23.61
27;22.63
26;19.35
34;20.43
28;16.87
22;22.03
45;24.47
19;23.53
25;19.84
23;19.94
28;25.8
31;18.62
27;20.63
62;20.63
55;22.7
63;34.63
12;18.51
34;16.74
27;33.49
25;21.54
66;24.6
28;18.03
19;20.07
32;20.84
35;21.46
27;21.32
28;21.74
48;23.6
43;19.91
13;23.64
79;17.47
40;23.67
17;18.0
31;23.61
35;23.49
25;19.62
14;24.63
15;19.92
16;24.11
17;22.99
23;18.1
14;17.97
13;32.39
12;19.07
22;29.31
17;19.38
44;33.48
22;19.12
38;20.84
17;20.73
21;26.57
31;19.45
22;24.21
63;16.56
19;20.69
25;28.82
12;19.8
12;23.74
29;23.1
31;20.09
46;17.94
29;20.35
36;22.53
36;20.08
49;18.68
18;18.78
14;18.57
24;18.88
27;18.87
15;24.76
49;23.2
38;21.76
31;17.11
16;18.42
26;24.38
15;22.02
46;28.77
49;29.21
32;20.59
13;19.1
19;20.85
29;19.03
20;21.46
36;21.8
32;23.92
26;20.36
24;19.76
15;21.09
18;20.91
48;20.63
22;20.49
39;21.09
31;24.86
26;23.92
13;24.16
22;20.63
20;16.69
48;18.05
12;21.94
66;17.34
14;22.65
28;20.15
17;21.41
25;34.04
34;20.97
14;22.33
17;19.56
18;24.75
27;22.02
26;22.42
40;20.35
32;20.64
15;25.62
39;21.5
35;23.94
23;21.4
15;19.54
25;17.37
42;21.75
12;17.98
33;20.81
27;23.22
16;20.41
16;24.06
54;23.06
16;22.26
14;22.73
19;22.99
27;24.06
18;21.45
36;18.59
42;20.77
35;19.26
60;20.94
31;21.43
67;18.81
34;19.18
52;28.57
17;18.07
15;19.97
35;24.4
17;21.75
27;21.02
22;29.54
48;21.2
28;20.43
28;24.32
73;24.65
19;18.07
55;22.85
27;19.15
16;17.5
21;21.28
20;23.38
37;22.19
16;17.51
42;20.42
28;26.76
45;16.92
24;23.01
21;24.05
13;18.11
53;20.88
12;16.56
22;19.15
37;21.62
20;22.86
21;24.47
45;26.22
13;17.48
16;24.45
43;18.34
46;19.79
40;24.32
28;23.97
36;18.55
17;24.23
42;22.87
21;21.41
27;18.54
17;17.07
14;22.15
27;25.32
16;20.43
17;23.07
15;23.99
48;18.64
14;27.57
25;20.32
12;24.6
28;19.92
19;21.27
14;18.13
40;17.25
13;18.83
24;22.77
60;20.62
14;19.59
18;21.72
30;20.65
51;19.17
72;17.24
41;18.72
25;21.19
19;22.45
76;19.53
47;19.7
14;19.14
44;23.57
24;18.48
22;18.81
17;19.57
16;24.79
35;17.86
62;22.53
20;19.02
14;20.07
72;22.43
12;21.68
15;22.75
12;20.43
20;23.65
12;21.9
21;24.37
25;18.72
25;24.81
32;17.68
12;19.96
47;18.48
29;19.0
45;23.86
15;22.91
14;17.91
12;18.31
27;31.95
13;24.56
35;20.9
24;24.51
17;22.07
12;16.94
16;20.99
15;17.03
76;19.84
18;19.56
28;18.79
48;21.91
23;24.79
14;20.9
43;23.18
26;19.09
24;22.59
28;21.51
32;24.13
18;18.6
52;29.76
16;20.3
14;25.63
28;22.43
49;19.39
34;23.66
55;21.34
36;22.94
26;27.04
38;23.18
39;22.54
27;22.53
53;22.37
40;22.87
49;19.21
29;24.42
27;21.06
14;22.4
32;23.95
12;24.85
65;23.88
15;22.95
12;18.75
43;21.5
14;21.36
57;20.1
16;21.49
15;20.2
13;21.84
64;22.94
55;25.32
44;28.53
28;17.36
45;24.63
45;22.96
72;25.34
56;17.94
22;21.11
59;18.21
77;18.89
35;17.63
27;17.17
55;22.71
16;21.19
25;24.34
13;16.58
28;21.68
22;21.16
37;22.71
34;18.95
16;19.59
16;18.09
13;21.01
22;17.59
56;22.06
27;24.76
26;24.39
33;18.62
42;23.09
22;22.83
29;23.27
20;19.59
15;22.48
57;20.24
15;20.52
61;21.0
48;23.38
29;17.96
29;18.66
40;19.97
15;19.51
58;17.5
27;26.7
36;21.83
46;20.43
28;29.77
16;17.34
18;20.15
20;20.3
26;20.38
12;28.35
38;19.62
26;19.24
21;24.41
15;21.41
28;23.25
20;16.71
23;23.13
13;23.28
27;20.98
27;27.37
23;21.32
41;24.22
77;32.2
17;20.77
28;28.48
45;20.98
56;17.38
38;28.79
15;28.75
30;20.68
25;20.14
13;19.44
80;19.1
17;21.41
43;27.62
46;18.55
20;24.62
26;21.16
44;19.4
22;18.53
24;20.45
28;22.47
15;18.75
15;23.97
13;18.92
23;17.24
37;17.13
14;22.31
37;17.78
23;20.46
47;22.33
30;20.32
48;21.2
49;18.9
23;19.85
37;24.85
63;23.48
43;20.54
15;23.01
75;18.49
18;27.45
31;19.56
33;27.89
12;19.22
19;16.65
43;21.16
36;21.31
17;24.22
64;24.09
12;23.86
15;23.83
63;24.75
24;20.46
14;19.52
21;22.54
80;21.65
36;24.28
25;18.83
20;27.75
54;19.44
39;21.07
18;24.12
16;19.23
57;23.45
15;18.7
14;23.03
27;16.62
14;24.05
52;18.32
39;21.15
39;22.73
46;23.93
74;18.91
49;24.54
38;21.68
33;19.47
19;22.2
15;19.54
53;20.63
26;23.8
13;21.3
56;29.7
28;17.13
22;21.99
35;21.55
28;17.68
16;23.42
22;22.0
49;19.77
34;22.85
32;19.08
14;29.21
27;18.96
28;21.66
15;22.73
28;22.47
14;18.73
62;27.33
29;22.89
26;24.28
20;23.54
46;21.5
22;22.17
42;20.53
22;22.2
23;24.85
24;34.63
22;16.51
25;24.66
26;17.31
40;22.04
52;19.55
54;16.65
37;20.51
18;19.33
48;18.17
39;17.54
41;24.41
39;31.02
55;20.34
17;20.17
27;19.13
12;22.44
48;24.76
13;20.11
28;24.69
12;28.89
12;22.43
21;18.34
25;18.32
22;24.5
17;24.66
72;22.39
31;24.73
36;21.37
33;23.67
15;17.83
28;21.38
49;24.44
58;22.3
19;19.15
14;21.46
15;17.14
39;19.4
41;22.25
44;20.21
41;16.71
42;16.81
23;26.74
13;18.76
49;17.81
68;16.96
30;19.45
36;19.99
13;21.8
44;19.01
55;23.46
39;19.43
33;16.89
22;20.9
69;29.7
23;22.72
20;23.45
46;24.72
28;20.91
37;23.97
54;21.97
12;20.24
26;23.38
18;22.6
51;19.62
20;23.98
39;18.62
17;20.65
24;22.69
28;29.65
20;24.02
42;20.91
15;17.42
46;22.19
26;21.54
16;18.18
21;19.9
58;24.3
28;24.7
16;20.46
24;18.51
27;17.9
23;17.1
14;19.45
40;18.63
28;24.24
21;19.88
18;17.92
35;23.62
44;20.36
29;21.07
27;26.61
33;19.2
63;27.17
29;22.03
15;19.71
13;16.88
42;21.52
38;20.38
40;24.21
17;17.75
37;20.31
28;20.8
34;16.7
35;29.01
48;19.32
53;19.84
70;21.44
42;17.33
26;22.98
26;20.67
44;26.45
30;16.86
26;20.92
26;18.46
21;19.37
32;19.8
63;21.39
43;26.42
20;18.9
27;28.36
58;17.92
17;16.73
14;22.57
22;23.63
48;19.12
27;24.73
45;24.12
25;29.57
27;20.0
35;19.84
33;22.1
26;18.19
28;27.76
30;20.98
15;21.72
13;24.19
36;18.69
24;19.35
25;22.29
24;18.45
22;20.37
16;21.06
29;20.37
30;21.91
79;23.11
32;20.95
45;20.19
58;20.92
41;24.87
28;20.64
64;20.69
28;16.67
20;20.58
24;21.32
27;18.74
34;17.63
23;23.89
46;19.09
23;23.6
34;19.02
47;28.58
15;21.81
54;18.58
44;22.84
31;21.97
27;21.92
47;18.38
15;20.41
44;27.62
80;25.12
28;21.54
16;22.24
23;26.04
40;17.11
69;19.77
52;19.68
49;24.48
43;22.75
35;22.05
60;18.65
44;21.14
17;18.83
63;20.77
24;29.6
21;24.27
48;17.49
51;24.88
17;23.27
62;24.84
12;23.06
38;27.99
20;23.38
19;22.68
27;17.63
34;19.35
15;22.09
12;19.67
39;18.93
79;24.05
24;24.11
24;21.67
47;17.98
37;21.03
46;22.54
13;19.38
38;23.67
17;20.77
64;20.61
58;27.34
43;18.75
15;20.52
25;18.83
40;23.74
31;17.44
14;23.01
26;19.64
24;18.51
25;23.64
23;23.82
21;19.78
18;21.6
14;23.05
26;23.17
39;18.61
19;23.14
38;21.97
19;22.95
17;18.34
49;20.81
65;20.12
51;21.1
21;21.44
62;21.48
17;23.93
61;18.61
20;24.19
40;25.5
23;16.66
61;22.43
19;23.79
39;16.64
63;23.02
26;25.91
16;24.81
17;20.33
32;29.69
27;20.32
48;18.63
53;20.83
36;18.69
14;25.21
17;24.86
15;18.69
28;21.03
26;23.01
18;23.98
14;21.02
60;22.41
33;18.68
22;23.24
50;24.38
41;19.22
14;22.06
23;26.0
23;18.69
22;31.18
34;19.31
25;22.46
15;19.04
32;22.76
47;29.38
37;22.86
26;23.41
59;21.95
63;24.24
12;29.47
31;29.45
15;20.06
22;20.74
36;23.02
26;23.53
28;22.51
20;21.62
28;29.19
19;26.65
59;18.78
15;23.25
14;19.95
60;21.04
18;19.28
63;20.47
28;23.27
19;21.53
15;16.68
25;21.17
16;24.59
53;20.66
44;24.39
15;20.27
22;20.8
29;23.98
21;18.15
20;16.93
35;21.41
35;20.7
44;19.11
21;27.28
14;21.43
39;17.8
25;20.29
39;19.49
21;23.92
76;22.97
22;17.49
18;21.22
22;18.35
23;23.39
30;22.16
39;18.57
33;25.09
38;18.75
26;24.89
16;28.22
38;23.85
39;23.22
28;19.17
19;19.58
23;17.17
27;16.93
19;24.5
22;19.61
14;16.94
46;19.37
26;23.6
31;22.15
43;24.77
13;19.5
19;22.06
23;21.19
39;24.17
35;21.69
58;16.58
26;23.74
16;18.93
44;20.05
62;27.28
60;17.28
52;17.46
40;21.89
61;26.31
28;24.31
60;17.84
53;19.11
23;19.03
14;22.63
20;24.29
64;17.09
36;29.6
27;22.71
17;23.46
13;23.24
26;16.88
33;28.97
64;21.42
13;22.28
39;23.93
30;18.57
12;18.77
34;26.28
12;18.73
45;24.67
17;17.32
50;18.91
45;20.31
15;24.88
21;20.63
44;18.96
18;20.89
25;24.32
34;24.66
38;18.5
26;21.4
34;22.65
39;21.43
38;21.34
41;18.12
27;21.09
46;19.51
25;18.61
79;18.38
30;19.73
38;20.23
63;23.99
28;18.74
28;21.56
15;20.63
37;21.8
15;20.5
25;21.14
15;24.72
13;20.4
57;19.15
26;23.61
37;19.24
15;18.88
17;17.02
22;25.09
20;19.87
19;19.28
12;23.91
20;18.83
38;20.24
26;18.72
17;17.81
32;28.22
57;22.34
15;21.08
26;23.09
47;23.74
13;21.3
21;21.78
77;20.64
28;19.54
20;20.87
17;24.26
44;21.24
13;23.5
16;24.49
41;19.79
46;20.14
36;18.44
50;28.61
19;21.23
24;24.07
64;22.85
22;23.57
54;18.62
40;20.16
20;29.49
16;19.56
23;19.8
20;19.56
26;27.76
25;19.55
37;23.9
28;23.9
47;20.04
38;20.01
37;21.28
80;23.96
43;27.12
12;20.58
30;19.85
38;21.78
38;18.77
28;22.06
40;20.86
27;23.98
78;24.68
28;21.44
35;24.78
74;20.78
36;17.07
25;21.03
23;18.25
41;20.9
27;18.58
16;24.18
21;23.52
16;16.84
26;21.73
27;18.76
14;29.2
25;20.83
23;20.13
30;21.49
23;18.59
26;18.42
61;23.0
63;23.2
38;23.64
36;21.38
19;25.76
40;17.73
18;18.55
16;20.67
15;20.2
26;21.38
12;25.63
19;22.34
27;21.85
20;20.74
33;21.57
64;18.39
42;18.9
40;16.68
13;21.12
15;18.52
52;24.12
12;17.42
43;20.65
19;21.36
12;19.0
19;24.71
35;23.83
22;24.22
17;21.61
47;18.78
64;18.27
29;17.56
16;24.32
29;20.53
26;18.82
17;19.29
12;21.56
39;22.2
43;21.56
35;24.68
48;20.9
13;16.61
27;16.77
51;19.71
33;23.9
22;16.73
28;23.27
26;20.05
21;17.03
14;20.46
36;20.3
26;21.86
26;20.29
25;28.01
27;23.91
16;19.15
23;24.3
48;20.61
27;27.04
28;25.31
48;23.44
23;22.09
21;17.71
19;20.4
26;18.18
42;19.09
23;23.67
15;18.25
22;18.65
25;20.08
56;18.65
26;18.9
48;20.69
14;24.69
37;21.64
61;18.98
20;21.2
19;16.95
26;18.9
14;20.65
25;28.79
33;20.57
26;18.16
26;33.0
24;22.28
56;24.18
17;22.85
13;24.69
26;17.81
21;19.12
16;25.7
28;20.25
42;20.07
20;24.67
63;17.92
19;26.35
44;21.8
62;20.73
16;23.43
16;17.01
39;18.97
22;24.67
17;22.03
48;17.2
40;18.53
15;23.49
18;20.96
26;20.34
19;17.36
19;25.76
23;27.67
16;22.5
28;24.84
13;17.29
56;18.3
18;20.28
24;17.44
23;28.18
23;22.62
25;21.8
68;23.45
38;18.77
51;18.45
17;20.05
13;22.38
13;27.37
48;24.39
12;24.02
13;17.8
63;17.5
29;19.43
24;24.56
14;17.9
28;20.95
42;21.3
21;22.8
37;29.54
60;17.03
38;19.58
36;19.07
59;20.26
24;21.69
14;17.67
21;23.99
15;17.8
44;24.02
26;21.67
24;25.49
34;25.23
33;22.88
43;19.49
23;24.7
39;18.21
36;22.63
25;23.05
33;20.39
61;24.67
38;18.68
24;19.56
18;22.13
23;18.0
26;19.42
21;27.45
28;18.95
27;22.95
45;24.45
74;18.45
15;22.66
53;25.11
59;25.6
33;20.87
28;19.1
23;21.22
18;18.67
20;19.64
44;28.56
49;17.2
28;17.08
16;20.95
17;26.49
14;19.1
50;27.94
15;21.55
38;23.95
28;23.25
39;18.14
58;19.34
14;23.09
61;23.55
19;20.98
21;20.98
13;16.67
51;19.47
23;29.5
38;19.59
28;21.21
36;17.71
43;22.64
57;23.24
56;18.59
34;21.53
31;26.82
30;21.72
25;19.18
29;19.03
13;20.62
12;32.81
44;22.63
24;22.21
26;20.59
16;22.51
36;31.65
62;17.13
58;23.37
52;19.63
26;22.98
38;18.52
60;21.39
30;24.85
37;24.64
50;24.66
21;16.79
30;19.81
45;23.9
63;28.24
25;22.99
16;24.32
12;21.41
41;24.76
16;22.74
23;21.6
16;24.19
23;17.66
12;21.32
21;21.48
26;20.64
51;17.6
48;21.04
26;19.69
66;17.31
40;18.78
14;23.31
66;28.43
24;27.97
34;25.04
58;19.14
27;24.89
19;18.55
37;23.66
27;21.38
12;22.28
39;27.55
31;26.59
28;19.31
17;19.49
12;16.55
15;19.42
22;22.19
20;21.2
62;26.64
16;17.38
53;20.47
15;20.41
45;20.22
42;21.03
18;22.91
17;24.51
15;20.88
38;20.87
34;23.66
36;19.38
58;22.1
34;19.5
63;33.83
24;18.73
47;20.35
28;20.07
65;22.91
29;22.47
34;29.09
58;17.62
29;23.93
43;20.24
12;19.47
48;23.92
23;28.3
12;28.18
48;18.69
47;19.77
24;18.63
73;18.74
46;18.98
55;19.07
64;18.21
17;22.29
18;20.89
69;22.64
21;16.87
24;19.51
15;22.27
36;21.56
26;31.04
54;20.36
35;27.72
21;22.23
33;22.81
24;22.25
27;23.51
15;24.39
12;23.22
45;21.9
13;21.83
40;21.95
23;19.09
38;22.13
22;18.7
18;21.79
42;22.78
77;28.9
13;27.76
45;23.34
53;22.05
27;19.76
45;20.71
21;20.85
18;29.86
14;22.03
19;18.23
38;29.25
45;20.69
25;26.29
63;28.53
14;29.39
17;17.71
28;28.37
60;18.61
23;21.68
12;20.28
21;19.21
19;21.13
56;22.43
18;24.07
32;23.45
35;21.88
26;21.1
29;21.84
62;21.28
59;19.11
31;23.82
14;21.68
33;25.21
28;22.62
17;20.93
41;22.66
28;19.08
40;16.94
32;18.04
26;19.45
12;18.53
19;21.61
51;23.34
26;24.8
58;21.32
34;23.42
62;20.19
22;26.12
75;23.37
28;23.71
36;19.0
33;19.21
17;32.83
12;18.04
36;21.78
53;18.63
24;18.94
50;17.75
21;29.6
45;23.72
16;21.45
24;18.51
15;27.78
41;29.21
12;18.51
21;21.13
25;24.65
62;28.81
23;24.52
13;18.42
73;17.68
28;20.62
31;18.76
18;23.13
29;20.03
36;19.04
20;18.12
42;17.19
38;18.02
55;23.77
22;27.2
35;19.63
25;23.92
28;18.64
16;23.91
20;21.26
24;21.73
36;28.0
22;27.71
23;21.29
26;21.48
27;21.4
28;19.34
45;23.41
37;23.67
15;34.14
12;19.13
35;27.14
22;18.66
19;22.23
23;18.42
30;22.17
25;23.8
27;21.41
16;24.81
79;19.27
24;20.45
18;18.95
22;22.6
37;21.8
14;21.79
34;24.85
21;17.38
33;16.52
59;19.65
27;16.57
52;24.22
48;21.89
45;19.96
16;23.9
18;23.5
20;23.29
28;33.36
23;18.76
27;19.72
61;21.5
15;20.81
25;25.36
28;22.68
49;18.77
17;17.49
20;20.57
12;23.27
25;18.03
20;22.29
18;21.52
52;22.16
18;18.41
50;17.82
17;19.32
51;22.36
35;19.73
23;25.55
31;24.09
26;26.17
17;21.6
60;23.15
16;20.28
31;18.79
32;24.88
30;18.76
58;18.82
25;23.75
20;20.79
15;19.43
23;20.38
49;22.77
14;20.51
42;23.88
44;17.81
64;28.88
13;26.01
38;20.08
26;28.2
61;21.12
13;24.06
27;19.81
24;17.51
36;21.86
38;19.54
34;21.24
37;20.98
30;20.66
33;17.9
42;21.67
60;28.7
66;21.99
17;18.65
61;22.92
12;22.42
13;17.35
27;24.14
33;20.11
59;22.37
62;20.45
45;29.83
20;24.54
35;20.25
41;23.54
73;20.93
57;19.86
43;18.76
28;21.92
14;18.92
29;22.06
17;27.23
28;22.49
28;18.93
21;20.19
47;17.09
45;24.22
47;24.17
49;21.24
15;20.04
64;20.57
49;18.91
13;22.04
55;23.37
27;21.12
19;20.04
28;20.48
41;34.8
62;24.42
12;19.61
31;29.38
30;23.15
37;18.68
28;17.1
44;25.41
37;24.2
23;23.96
13;29.29
64;23.5
26;16.54
19;19.41
30;31.7
49;23.77
16;20.87
23;20.41
22;23.57
16;24.18
14;17.38
47;27.12
55;20.4
61;25.17
27;21.29
13;23.02
56;22.54
29;21.22
13;18.51
15;20.86
15;23.07
55;24.3
18;17.04
21;17.49
14;19.21
14;20.86
20;20.53
37;17.33
16;25.77
60;19.77
39;21.89
14;28.87
45;27.12
31;24.79
38;18.31
20;24.45
18;20.56
45;22.54
17;19.54
44;19.4
31;19.94
21;19.39
15;20.87
16;17.69
33;21.91
25;22.09
39;20.65
14;19.46
31;21.46
32;24.74
46;19.6
15;21.16
70;20.13
18;20.46
55;22.55
56;22.27
28;18.55
36;26.98
14;20.77
15;23.94
59;18.75
34;24.44
42;16.92
29;21.56
55;27.8
35;16.57
49;23.29
25;22.17
35;24.13
16;18.15
72;18.14
27;20.37
13;19.37
23;23.23
41;26.45
22;18.6
51;20.6
20;22.28
17;23.7
48;19.57
14;20.08
18;19.6
17;19.19
46;20.73
49;21.16
31;17.91
17;21.32
49;19.61
24;26.4
34;22.27
73;24.88
12;18.65
34;23.14
59;27.13
26;19.14
37;25.11
51;21.93
45;19.59
19;21.97
20;22.26
14;18.14
23;23.88
43;24.67
17;22.96
43;22.34
27;17.84
35;20.89
14;19.62
17;22.07
13;20.86
72;23.34
16;21.6
18;18.13
12;18.03
20;27.09
14;19.4
13;18.6
42;16.61
34;21.46
19;24.77
36;19.89
17;20.13
20;19.5
45;22.57
49;20.34
51;24.73
28;29.39
21;19.44
27;21.23
76;26.21
14;19.13
39;21.72
25;25.6
34;19.23
18;22.99
46;24.16
26;20.75
79;28.57
16;21.5
15;25.18
61;22.57
27;17.56
28;23.73
55;22.9
27;16.62
23;24.67
52;18.07
16;18.75
14;20.04
38;22.77
13;25.42
22;24.32
12;22.66
18;18.52
21;20.19
13;20.93
50;24.8
27;22.11
25;22.44
13;19.53
30;20.77
19;21.07
62;17.31
22;19.96
48;19.26
48;20.48
25;21.1
53;22.57
28;23.73
28;22.72
63;23.05
32;20.88
48;19.34
12;23.82
14;18.73
49;20.28
52;23.78
36;23.97
35;16.62
16;24.12
12;18.51
36;28.69
17;20.05
53;16.6
61;18.97
12;22.49
59;24.32
26;19.1
28;20.32
28;29.13
48;21.58
26;18.7
34;28.13
26;17.66
28;22.1
24;18.29
21;25.23
19;19.66
29;18.8
49;22.43
20;24.08
15;21.61
55;17.87
33;19.59
19;23.09
25;19.2
44;18.42
37;23.43
34;24.36
28;27.33
21;20.22
38;17.4
36;16.7
40;22.8
47;25.71
15;17.43
51;18.8
16;21.74
17;24.49
47;24.0
14;23.7
41;21.82
31;24.87
38;21.02
23;19.69
26;23.34
27;22.42
41;22.8
21;20.13
15;28.89
26;22.88
31;20.31
26;19.38
15;20.53
21;24.85
14;20.43
57;19.16
36;27.68
32;17.3
57;23.79
37;22.63
34;23.51
30;18.07
24;22.8
30;21.01
16;17.34
66;16.87
18;20.17
21;21.26
37;29.04
21;28.85
15;19.69
53;19.66
67;23.42
46;18.55
52;29.66
25;24.31
40;21.85
48;22.78
21;20.85
48;22.34
33;24.2
44;19.67
18;24.41
57;18.65
40;23.42
24;18.52
14;23.69
22;22.02
28;22.08
43;18.61
68;21.85
47;24.07
40;24.53
29;21.22
21;18.7
12;18.14
27;19.07
40;23.18
55;21.13
17;27.71
64;17.96
22;27.1
43;29.8
34;22.0
15;16.89
17;16.77
28;18.64
50;24.43
26;22.19
28;21.66
41;17.03
26;20.63
15;19.63
22;24.28
32;19.15
39;18.22
18;21.84
43;18.88
15;24.39
52;25.0
31;23.68
29;18.4
28;21.49
18;21.09
39;21.3
25;24.76
28;19.11
28;22.96
23;25.05
19;20.04
12;18.29
58;34.81
42;18.69
15;34.55
46;18.92
55;16.93
40;21.59
15;21.1
13;18.65
23;18.12
61;17.88
31;19.82
45;21.83
58;24.09
13;18.95
28;21.68
22;20.17
43;20.23
20;17.66
28;21.58
16;23.78
43;25.04
12;18.66
32;28.12
22;23.76
19;22.82
14;22.54
25;18.53
42;22.77
34;22.88
38;17.88
13;24.19
61;19.88
32;18.13
24;17.53
22;20.46
16;19.51
41;20.32
25;24.6
14;20.07
27;28.48
33;20.34
26;20.3
53;20.56
34;24.11
19;16.73
27;18.6
25;23.69
14;21.97
50;17.43
32;25.56
33;18.65
34;24.26
30;22.32
26;18.7
23;20.69
45;18.6
16;24.51
25;17.12
51;20.79
16;22.16
62;27.51
44;21.42
55;24.02
31;27.05
15;27.25
26;25.4
16;23.98
27;20.94
44;19.68
37;27.58
24;24.48
65;31.02
16;23.24
33;21.43
13;20.35
41;24.28
31;20.07
34;18.51
16;22.09
52;21.55
19;20.14
27;17.9
46;19.57
24;20.54
54;18.98
27;21.49
23;23.6
58;20.55
53;23.09
31;23.1
59;20.21
33;25.32
30;19.66
21;20.55
24;20.15
45;24.67
53;18.78
18;18.5
38;18.74
28;23.6
27;20.82
69;29.56
46;28.0
21;20.09
39;24.29
28;21.68
57;18.23
16;20.97
27;21.91
28;24.68
16;24.47
13;19.43
56;24.12
42;16.63
14;19.82
49;20.27
16;24.62
65;23.15
17;22.57
27;24.41
17;18.99
30;19.45
22;23.48
26;22.18
13;25.59
36;17.41
13;21.25
57;18.1
27;20.66
40;27.47
22;24.2
18;21.24
12;16.64
37;21.57
73;19.76
63;24.8
49;21.13
22;19.23
15;18.74
73;22.51
40;25.04
55;22.87
69;27.83
13;22.73
26;27.86
51;24.86
13;23.98
57;21.52
57;24.88
23;24.3
59;21.58
14;28.36
17;27.66
25;22.35
21;20.51
57;21.23
62;28.49
48;16.73
50;27.4
18;21.75
33;20.49
48;17.22
21;20.92
29;19.72
26;22.31
64;20.03
34;24.64
17;19.97
19;18.69
21;20.49
14;18.36
45;23.03
28;22.68
50;24.89
13;21.46
28;18.85
12;17.93
37;17.45
14;21.33
16;24.85
14;20.38
12;19.3
44;17.5
12;22.03
36;21.97
22;21.7
22;22.52
33;23.52
27;24.3
12;20.59
12;23.79
48;21.01
15;19.39
30;24.24
60;24.1
27;20.18
22;21.45
14;20.83
23;20.08
23;23.38
28;22.84
38;24.18
19;24.78
23;18.51
41;21.36
75;21.87
33;23.34
62;29.36
38;22.11
26;24.61
64;21.91
21;20.66
12;19.75
13;19.37
49;26.14
43;28.49
44;18.93
20;22.07
20;18.37
13;26.56
51;19.6
28;23.84
64;23.19
15;21.88
64;22.76
31;21.23
30;22.1
49;22.38
77;21.22
47;24.29
64;27.64
21;22.64
61;20.29
14;20.22
20;23.01
56;23.14
32;24.75
13;22.26
14;24.87
12;21.52
43;18.8
25;19.04
35;22.4
18;27.55
57;21.65
52;26.75
27;26.1
31;24.17
16;19.55
60;17.49
25;22.49
40;23.3
18;20.01
12;28.83
34;20.52
12;19.62
25;22.83
31;20.93
25;19.58
36;24.16
14;22.78
13;18.11
25;21.0
50;20.98
18;21.04
17;19.72
36;20.98
16;23.28
14;22.71
13;24.1
14;21.07
24;22.23
27;28.28
12;25.89
28;29.9
44;16.79
14;23.53
26;22.06
52;22.06
14;27.98
27;17.05
67;17.55
12;18.21
36;18.72
40;23.51
64;23.44
46;22.74
28;17.18
59;29.79
57;23.59
17;23.99
37;17.75
26;24.17
63;22.22
15;24.69
66;18.03
37;27.61
47;17.25
16;23.74
18;23.75
49;23.43
19;21.25
22;24.62
65;22.1
54;21.54
25;22.85
49;22.19
17;23.94
28;22.72
69;19.46
29;22.33
23;21.72
29;17.38
58;19.79
14;16.66
40;20.86
57;24.86
28;29.57
26;18.26
26;24.36
51;18.63
25;20.69
61;17.59
28;23.6
47;23.07
20;24.34
63;19.03
42;19.49
15;33.29
43;21.83
57;24.82
45;18.8
12;18.6
51;19.6
50;18.39
40;19.36
12;32.66
28;19.15
44;22.94
49;25.02
20;21.81
19;18.67
78;20.73
19;23.86
27;29.6
49;19.88
67;19.6
17;19.68
34;17.09
35;18.06
13;24.13
13;20.83
31;19.78
58;20.85
15;19.91
28;19.33
13;28.14
19;20.48
12;23.09
43;22.2
40;19.45
28;22.88
16;23.76
17;17.27
29;24.1
24;23.64
16;24.09
22;21.57
31;18.68
17;20.02
28;20.15
28;19.27
51;23.95
49;24.22
42;19.51
15;25.61
21;29.39
21;18.43
35;18.77
17;23.53
21;19.85
21;21.84
23;24.42
21;23.37
45;18.82
59;22.49
13;21.27
43;19.62
12;27.8
22;17.99
41;20.54
48;25.87
28;22.26
25;24.59
58;24.28
27;20.78
24;23.72
19;23.11
42;17.3
32;24.43
33;17.65
20;18.45
14;24.27
56;16.86
26;17.36
60;19.29
20;28.63
29;21.11
28;23.8
28;20.31
26;18.92
22;19.25
14;18.51
43;25.64
56;17.43
55;24.62
27;20.72
13;17.92
15;27.46
22;20.08
25;23.65
29;17.15
24;22.68
25;18.73
17;20.68
12;21.11
16;19.22
28;19.36
28;20.83
54;28.51
63;22.1
16;21.85
12;25.44
22;19.79
48;18.92
22;21.87
45;23.08
22;21.96
34;17.91
17;22.13
51;22.83
59;23.08
26;18.53
36;21.36
27;24.59
80;23.88
23;23.27
23;21.64
41;19.23
35;23.56
28;16.8
26;20.49
26;20.07
29;19.33
31;26.78
38;29.88
28;20.09
19;22.96
21;21.84
31;22.78
26;26.54
62;22.48
23;18.21
30;19.74
58;19.95
31;27.79
13;23.9
21;22.99
21;20.37
20;24.12
59;18.42
16;21.44
16;18.67
46;18.72
46;27.17
13;19.9
23;20.73
19;24.33
14;19.65
40;26.61
28;16.56
19;17.01
17;22.24
45;18.23
35;17.77
22;24.88
13;30.99
21;21.97
19;21.73
36;22.61
56;17.57
35;19.53
27;18.53
26;23.74
24;18.08
26;21.16
37;21.6
13;21.26
23;16.58
25;18.93
21;22.93
26;17.41
48;21.97
13;22.37
13;27.49
15;23.64
17;18.63
16;21.42
16;20.58
22;16.55
23;17.36
23;19.68
22;24.36
47;17.87
29;20.4
44;27.96
25;24.72
17;22.14
37;20.37
27;20.46
22;18.84
49;18.31
25;20.47
69;25.47
25;21.27
68;22.3
21;18.55
17;22.16
22;22.08
77;21.45
27;19.88
45;22.16
27;24.07
63;23.16
62;22.51
30;19.36
19;19.35
16;19.52
53;19.34
33;24.84
57;24.08
45;25.05
34;24.08
16;17.98
22;20.89
42;28.59
27;23.35
47;22.98
38;18.66
33;18.59
47;22.81
48;18.73
17;20.82
48;19.41
16;20.31
48;23.09
56;19.53
26;21.1
16;17.3
50;22.89
15;24.73
20;20.4
21;21.03
25;22.9
49;20.05
29;19.44
15;23.86
25;21.1
20;20.81
14;24.48
47;19.9
28;22.15
53;21.43
24;25.89
43;23.42
34;19.86
57;20.51
37;19.84
20;21.73
27;22.41
56;21.49
20;24.41
23;21.77
23;23.75
35;19.29
18;22.05
53;19.29
30;29.02
33;22.24
17;18.88
23;34.69
27;28.79
44;23.77
23;21.84
13;24.13
12;17.79
70;19.88
39;18.51
28;18.75
72;23.55
16;23.51
44;23.89
37;19.84
46;21.76
51;34.11
52;20.35
27;25.48
15;24.27
47;22.95
29;29.39
27;18.01
43;22.04
56;23.2
25;19.5
16;22.55
52;18.61
13;17.54
21;18.35
27;26.22
13;24.21
28;19.56
16;24.77
29;18.53
44;19.95
34;20.76
34;22.1
60;23.85
12;24.3
19;22.4
15;23.54
27;34.34
39;17.33
20;18.73
27;23.78
59;17.13
16;16.82
12;24.75
27;21.79
20;18.21
36;19.04
12;23.32
36;26.56
15;20.48
54;21.94
63;19.09
17;24.18
25;23.19
37;23.7
68;17.38
47;20.93
75;19.83
27;19.03
49;20.18
15;25.27
12;23.79
15;16.52
18;24.73
20;23.42
14;23.6
21;26.7
21;17.76
43;19.06
32;19.93
35;23.18
68;23.62
25;18.51
31;17.37
15;18.78
40;19.52
16;24.41
31;22.74
13;20.82
52;18.05
75;24.1
21;18.63
40;24.42
20;23.2
46;25.41
23;18.87
19;24.35
13;20.58
36;24.74
25;23.28
32;23.22
21;19.67
15;22.93
23;20.64
41;25.71
31;28.6
17;20.11
18;22.55
20;28.12
27;19.55
57;21.61
22;16.67
39;17.54
42;19.93
45;21.94
23;22.97
26;16.85
76;21.18
17;27.37
49;32.11
23;25.58
27;18.7
15;18.15
30;20.18
26;29.52
26;21.07
58;24.15
55;18.36
18;22.21
51;18.31
54;22.68
27;24.33
29;20.19
35;24.26
12;22.52
36;21.14
16;21.69
53;18.68
20;29.86
27;19.04
16;18.81
27;24.54
16;22.85
42;26.34
15;22.17
57;24.62
23;18.95
62;21.27
42;22.71
24;19.39
34;17.16
12;23.7
28;19.76
21;21.24
21;21.77
36;19.8
24;18.51
16;19.5
20;19.67
51;21.13
14;21.42
43;25.77
26;22.87
40;21.3
30;18.07
25;24.25
62;21.29
44;19.58
26;29.14
14;21.83
35;24.52
26;18.74
17;26.18
26;22.68
72;19.45
35;23.11
12;17.25
12;27.11
20;23.4
23;20.89
12;22.06
48;19.16
61;20.41
14;19.14
25;28.88
79;21.53
27;19.69
28;22.77
49;18.5
43;22.58
39;19.44
26;19.37
31;23.24
63;24.43
37;23.45
42;23.97
19;21.69
14;19.82
15;21.0
28;18.98
23;24.66
58;22.78
15;19.57
63;20.01
38;20.32
27;28.99
64;21.47
21;17.33
36;27.69
30;20.12
61;19.4
30;24.47
56;24.22
58;18.01
23;17.2
32;20.7
27;29.27
16;22.09
13;19.91
76;22.21
19;17.82
16;22.38
25;27.35
29;18.62
50;24.3
22;22.3
35;23.48
22;22.18
37;23.14
38;16.76
25;27.9
13;21.55
21;24.55
49;18.61
27;27.48
23;17.73
46;27.5
47;24.88
12;18.62
14;22.56
18;24.18
23;18.0
27;17.16
42;21.24
17;28.64
42;19.88
52;18.93
54;17.87
14;17.4
17;27.53
17;18.37
38;24.82
46;22.58
48;33.07
25;24.4
37;22.06
30;19.53
63;26.62
46;17.85
51;19.8
61;23.75
27;26.6
35;17.9
44;19.7
12;19.53
17;17.66
31;21.51
31;19.41
24;19.68
33;20.32
22;21.47
28;24.04
58;20.35
55;22.34
44;20.77
19;19.32
42;19.63
14;20.87
22;18.55
20;22.01
46;32.7
63;21.79
15;24.38
13;22.17
17;16.95
15;18.9
21;22.34
63;26.93
16;23.48
17;28.63
42;22.0
24;22.53
16;26.11
43;18.64
49;21.94
27;16.92
30;20.79
35;29.38
57;29.65
24;29.52
16;16.91
30;20.53
28;19.63
30;16.69
14;23.87
17;21.49
23;18.96
22;19.83
13;21.41
43;23.36
78;19.74
28;19.0
15;27.73
35;25.68
12;26.43
12;26.68
14;23.88
24;18.71
15;31.37
23;24.19
45;24.86
23;20.52
30;27.52
16;20.32
16;22.53
47;18.68
27;31.11
24;19.78
36;21.94
75;22.2
29;20.77
44;22.75
72;17.26
26;19.36
21;23.77
35;19.71
34;23.17
20;26.01
34;22.21
25;17.39
36;24.89
15;22.1
63;21.79
35;21.34
26;28.71
12;22.38
44;21.66
34;25.39
45;19.47
57;27.52
45;28.93
63;18.73
26;20.07
16;18.62
48;23.72
22;19.64
20;17.15
19;19.79
12;22.13
61;21.2
50;17.96
28;19.93
41;18.52
19;18.6
47;22.06
27;20.11
53;24.32
16;20.04
15;24.86
12;24.8
44;18.58
13;17.68
31;18.71
15;23.54
22;18.54
49;22.66
29;23.48
17;24.73
27;18.47
21;20.2
13;29.15
44;20.42
13;22.85
25;22.32
26;27.5
26;24.51
18;27.38
38;23.72
14;26.21
14;21.92
23;23.6
26;19.15
14;20.69
27;17.55
42;18.08
44;21.39
26;24.05
46;24.69
59;19.69
39;21.31
24;22.02
13;21.76
26;20.02
35;23.22
50;25.35
34;19.44
13;19.76
64;22.74
27;21.95
21;32.62
56;28.19
14;23.65
17;19.74
32;18.67
58;20.34
33;23.5
51;22.66
20;24.4
37;19.34
13;16.59
41;27.65
37;18.76
12;19.61
14;19.28
24;23.45
41;23.36
18;18.6
12;24.07
39;26.21
50;24.37
16;19.1
64;24.46
28;22.61
15;19.73
13;20.48
12;17.56
15;21.46
36;21.28
48;29.48
32;24.04
12;23.53
37;23.4
47;28.37
43;22.54
42;17.36
29;16.71
18;20.05
16;22.31
31;25.55
23;23.36
47;21.53
48;24.45
27;17.24
33;23.18
16;19.98
25;26.85
53;23.49
35;28.69
15;18.65
58;18.75
26;17.38
27;21.92
36;24.24
35;27.37
22;25.94
64;21.75
62;23.52
28;21.21
43;22.38
36;20.08
18;25.21
13;17.32
50;24.84
17;22.0
48;18.43
25;29.73
26;22.77
28;19.62
20;22.95
46;24.53
39;20.05
30;19.01
41;18.06
35;21.13
15;21.68
42;19.7
15;24.3
41;23.62
34;22.62
17;21.79
19;18.6
49;22.54
18;18.84
16;24.89
22;23.73
42;23.59
38;19.61
63;23.27
25;23.32
28;24.29
60;18.89
56;29.59
17;19.85
35;20.42
46;21.62
28;24.35
48;18.61
26;22.53
57;20.32
17;24.49
13;21.38
38;28.3
33;18.69
41;33.89
23;17.28
24;22.73
60;18.54
20;20.41
60;23.42
35;29.32
21;20.54
18;16.76
18;19.26
17;22.45
37;18.73
79;24.26
66;26.31
34;20.04
56;22.74
13;31.09
30;23.81
28;24.19
18;24.3
16;24.24
41;17.47
20;18.18
15;21.13
13;22.34
41;18.98
29;18.67
31;20.71
21;21.13
40;22.21
70;27.29
39;18.63
30;23.1
39;29.22
29;25.31
23;20.05
51;22.76
36;20.47
16;16.85
49;22.32
58;23.98
17;18.9
27;29.85
46;25.52
25;22.43
12;22.89
69;24.85
43;18.13
57;20.07
13;21.81
12;22.9
19;24.06
46;23.52
28;17.32
37;22.59
17;23.4
56;18.31
75;23.74
15;27.58
17;17.66
44;17.07
13;26.02
22;18.87
20;28.08
30;29.21
16;24.29
80;24.62
32;19.87
26;22.1
69;27.12
23;20.82
41;17.88
15;24.8
12;27.87
79;17.21
26;29.27
28;24.55
28;21.95
22;24.55
27;23.36
17;18.53
16;23.17
26;23.6
15;29.82
53;24.22
15;22.36
48;23.79
28;24.23
17;23.63
56;19.95
34;28.66
28;22.7
53;18.71
13;21.67
37;22.29
30;24.04
55;23.91
50;23.97
41;20.81
49;18.63
27;19.35
26;22.65
64;18.32
48;19.27
20;17.9
34;21.94
63;19.5
51;19.52
47;19.72
28;17.33
38;20.39
27;25.65
21;23.72
77;17.04
50;21.32
37;18.15
39;19.9
12;18.74
28;19.45
22;28.59
27;24.78
24;19.05
28;20.66
38;25.55
41;23.7
22;21.56
12;21.76
41;24.61
28;16.51
19;24.02
53;20.83
17;22.01
28;18.42
40;21.5
23;29.17
48;20.96
25;28.44
14;18.62
17;22.01
41;18.12
38;24.42
24;20.96
28;28.91
27;20.48
23;26.11
14;24.23
41;23.12
61;19.66
37;21.85
20;24.63
26;22.94
49;21.23
12;20.97
24;21.81
41;21.47
43;23.62
55;28.58
40;22.36
29;18.27
48;19.12
28;16.74
25;21.86
17;21.04
15;19.58
24;18.69
23;21.52
18;24.73
14;21.29
41;23.8
39;23.25
44;20.23
26;23.53
28;29.25
34;20.82
29;24.3
26;21.01
56;28.49
34;21.87
16;16.96
18;24.74
16;20.26
33;22.3
64;22.96
17;19.38
22;24.08
80;23.97
17;24.27
56;20.38
15;22.89
46;16.64
45;23.47
17;21.35
59;23.48
14;29.2
13;22.33
18;22.05
38;17.09
78;18.13
43;22.11
31;24.2
44;17.69
22;24.16
27;19.61
26;19.23
50;28.82
65;21.86
51;18.8
35;19.13
15;20.84
45;23.28
33;23.13
60;20.08
21;23.46
22;16.5
21;17.62
46;20.27
20;20.53
16;18.71
16;24.11
45;20.46
44;26.8
35;18.59
26;24.65
16;19.52
47;22.45
21;20.89
20;24.24
60;23.61
72;28.39
56;18.58
50;20.37
61;19.59
40;18.77
26;22.02
64;18.32
42;24.54
17;21.59
20;20.41
15;23.76
17;23.11
14;24.55
16;17.29
51;19.95
13;22.55
19;19.53
27;22.42
41;19.96
38;23.98
33;22.49
14;24.41
15;28.03
23;19.35
61;22.24
54;24.17
17;19.88
62;33.55
28;19.46
15;18.57
38;18.97
48;21.27
15;19.18
32;19.32
34;24.12
14;23.94
59;19.3
34;20.73
16;20.58
21;18.78
28;20.21
22;21.05
14;21.63
27;19.44
37;22.62
26;21.58
12;18.59
13;24.16
29;18.65
28;19.36
12;29.51
23;25.4
37;16.6
31;20.16
22;19.34
16;19.67
22;16.87
79;23.66
26;21.04
13;23.07
38;24.44
44;24.33
26;19.29
27;22.5
18;22.03
62;17.99
69;24.7
51;22.56
21;17.75
48;19.58
38;29.23
32;22.27
58;20.15
19;26.2
23;24.66
27;23.26
63;24.21
34;19.44
19;21.61
60;23.82
30;19.95
26;21.72
22;22.6
27;18.99
42;26.51
24;17.17
13;21.1
19;20.94
16;19.19
36;23.76
24;24.38
48;24.67
50;20.02
56;17.27
13;28.1
18;18.56
27;22.57
68;23.26
16;17.67
44;20.75
27;27.56
76;22.97
26;20.36
13;17.18
13;23.06
15;21.29
28;29.24
46;21.22
34;21.18
15;18.57
15;16.58
42;18.73
61;22.29
16;23.21
49;28.97
22;19.37
38;21.32
43;20.14
62;23.65
28;20.48
25;20.79
44;20.26
50;24.89
44;24.76
27;26.4
26;23.5
47;18.7
38;23.86
16;22.39
61;19.47
61;24.68
15;29.43
28;18.73
49;19.97
25;20.74
32;29.15
18;17.57
44;18.48
44;23.84
42;21.1
23;19.48
30;24.79
22;22.44
21;19.62
12;18.44
70;23.74
14;29.8
37;21.84
28;19.38
28;29.25
27;23.15
27;16.92
15;26.48
25;24.62
15;19.52
16;23.02
28;16.73
26;24.1
19;19.12
38;18.75
33;28.62
24;22.13
17;21.14
64;20.69
28;17.34
37;18.72
48;22.81
43;23.1
29;18.74
12;28.48
19;16.84
80;18.83
42;20.65
16;21.44
16;16.96
27;24.16
61;24.23
13;29.33
37;22.4
20;19.65
34;19.39
12;22.49
16;23.04
51;20.97
13;19.22
56;17.15
49;18.47
28;18.27
20;22.04
57;22.47
39;22.16
33;24.74
15;20.47
28;18.6
17;27.15
16;17.69
39;23.72
36;24.3
44;23.71
20;20.54
15;20.76
22;18.6
12;21.23
16;22.93
20;21.85
65;26.98
28;20.2
50;21.99
22;18.63
19;28.28
19;16.69
17;19.55
15;24.49
49;17.22
41;24.82
24;24.21
12;22.06
58;18.51
26;23.64
15;22.62
23;22.19
23;28.56
56;23.48
13;23.78
37;22.43
42;24.75
39;24.13
25;21.98
20;19.11
46;29.56
15;27.29
32;17.19
60;21.64
23;16.79
23;19.26
42;19.56
19;20.82
21;18.26
12;20.9
48;20.28
26;20.89
41;17.71
21;18.46
37;20.22
27;29.64
30;18.83
46;18.65
70;18.19
21;23.46
24;18.83
25;16.64
28;21.35
24;17.16
32;23.3
47;20.67
26;24.82
25;19.24
14;22.85
28;20.42
26;29.24
27;24.57
51;17.11
25;33.88
38;24.34
27;20.17
22;17.86
77;23.38
39;18.57
18;26.94
28;24.11
17;20.01
23;18.6
26;20.79
27;24.65
59;19.57
22;18.6
44;20.28
57;24.14
24;29.34
17;18.84
16;18.74
44;24.19
29;25.29
42;16.59
27;19.59
15;23.27
20;23.17
16;23.75
44;24.12
37;22.07
47;20.23
13;17.81
23;23.73
43;20.45
15;25.98
46;24.23
26;19.91
33;22.14
16;17.58
39;29.19
13;21.16
36;20.68
65;16.76
22;22.5
17;22.8
61;20.82
36;17.75
28;21.36
73;25.73
62;19.65
17;26.65
20;23.29
64;19.46
39;24.84
54;19.57
13;28.51
17;24.8
42;20.77
28;18.74
79;19.24
21;19.83
13;21.48
13;20.55
46;20.37
17;21.7
28;20.39
79;17.97
15;23.91
35;17.77
12;22.07
14;16.65
28;27.04
62;21.27
46;18.77
19;18.59
20;19.4
56;21.39
41;22.26
36;23.63
38;23.79
31;22.72
38;18.69
40;29.04
26;18.91
12;20.32
23;18.76
49;18.99
21;24.1
36;17.89
34;17.02
19;25.15
41;24.64
17;21.2
15;24.3
37;24.52
24;21.3
14;27.27
27;18.78
15;22.84
26;19.34
55;31.34
41;16.64
24;26.46
20;19.0
47;17.81
79;24.47
27;22.61
12;19.52
14;20.02
59;21.83
20;20.86
29;21.91
28;21.12
32;21.28
18;28.86
46;18.68
46;21.79
24;24.47
23;26.13
14;19.28
28;20.88
40;21.88
15;17.78
33;23.73
55;22.73
61;22.61
31;24.08
15;17.8
41;20.22
61;21.57
14;23.11
24;20.8
28;23.54
36;21.27
34;20.23
36;18.56
21;19.84
41;18.58
27;23.4
48;23.55
64;20.56
23;21.76
54;22.09
30;17.48
26;17.85
22;21.85
21;16.96
39;23.48
16;19.26
26;19.55
43;27.16
40;23.31
48;21.82
60;20.66
18;17.8
24;21.42
62;16.78
12;19.35
14;22.51
53;21.74
37;27.95
75;24.63
33;18.69
44;17.99
79;19.98
35;20.65
19;24.17
15;20.79
22;31.4
36;19.51
28;21.99
23;19.12
34;24.11
19;19.21
23;23.38
27;20.76
36;16.51
48;23.07
27;20.26
35;18.65
13;17.81
12;21.22
37;18.8
28;23.9
23;28.66
21;22.73
21;21.1
47;22.18
70;20.39
16;23.15
28;22.28
51;26.59
18;26.87
12;19.26
16;23.51
15;18.91
35;23.76
13;17.01
22;21.51
37;27.02
46;23.5
34;22.49
35;24.03
64;28.98
30;28.49
18;22.19
17;17.93
43;20.99
17;17.86
14;16.66
46;18.77
19;17.82
17;18.74
44;20.95
25;20.08
54;19.78
17;20.37
16;22.59
18;20.56
47;28.03
20;22.11
28;19.05
24;24.47
43;34.97
14;24.48
33;21.85
30;20.78
18;19.21
12;22.03
21;24.77
22;20.36
23;24.16
18;22.33
54;22.19
12;25.33
60;21.86
16;18.36
49;19.11
36;25.44
20;22.32
27;21.05
43;20.41
64;18.73
26;23.3
18;23.89
44;24.61
16;18.29
28;22.54
21;19.62
37;19.05
18;20.93
34;20.35
35;21.74
57;17.46
27;20.96
47;29.43
33;24.54
17;21.77
17;24.47
33;18.66
15;22.82
61;24.43
13;24.76
39;22.16
31;28.75
54;21.81
25;20.9
23;24.25
22;20.06
26;19.33
46;22.49
16;16.94
17;29.74
51;17.68
58;24.87
34;22.16
28;16.91
74;19.03
22;23.18
18;18.56
27;24.13
32;22.17
14;23.86
21;17.58
48;19.49
12;22.65
43;24.89
60;24.0
13;18.42
31;23.43
56;34.03
17;23.06
51;23.07
24;29.19
36;23.22
25;20.38
64;18.87
19;21.03
27;21.01
48;17.92
14;22.22
46;27.86
17;23.77
47;21.12
48;24.15
35;23.14
22;22.64
47;18.76
17;22.98
28;17.98
48;16.72
13;23.82
68;20.19
29;21.29
52;23.65
42;29.16
16;24.42
31;18.24
31;20.79
73;23.15
31;18.85
12;23.47
23;27.49
23;17.13
58;24.35
51;20.94
45;23.17
13;21.47
48;23.02
45;23.63
47;28.9
44;18.86
43;21.7
24;19.37
54;21.34
52;24.3
64;27.73
48;20.46
46;22.56
32;17.36
56;24.07
29;18.16
48;22.39
20;21.2
47;24.28
55;20.47
50;18.68
27;18.78
41;19.09
44;22.98
23;18.94
28;22.43
51;17.09
14;19.08
28;19.88
38;28.65
23;19.94
48;19.71
21;19.39
45;19.98
35;19.02
16;24.58
57;22.39
31;19.59
27;20.79
12;25.21
12;19.65
15;23.78
20;28.54
35;18.43
28;17.61
17;20.58
20;18.66
26;18.88
14;19.84
37;19.29
25;23.15
37;18.37
22;19.61
18;25.43
31;19.02
48;19.76
13;20.77
59;20.91
21;18.67
22;23.65
25;24.7
38;23.99
14;24.07
15;19.01
22;23.19
20;18.69
19;19.03
18;20.4
44;19.13
28;21.53
37;23.71
38;20.48
14;18.8
17;19.48
34;17.07
62;18.45
29;18.11
16;16.7
61;22.02
18;19.67
12;34.4
14;27.3
25;24.46
27;23.53
16;24.11
22;22.53
72;19.71
27;19.15
22;17.03
17;18.43
15;28.94
53;19.65
26;22.67
14;18.49
54;23.97
49;22.13
42;22.28
14;20.77
13;21.02
31;19.64
36;17.93
52;21.28
12;19.49
16;21.62
51;19.0
45;29.29
22;19.8
30;19.32
19;21.12
17;21.05
47;22.49
14;21.72
34;19.13
17;22.74
43;17.36
76;22.89
15;29.19
24;21.17
24;17.16
33;16.91
76;17.42
52;17.88
27;27.51
38;23.01
46;18.54
14;22.29
41;21.4
12;23.26
32;21.94
72;21.2
26;20.73
16;21.06
16;17.61
39;17.04
15;29.35
27;23.49
19;20.34
26;22.85
33;21.05
16;22.4
22;24.33
28;29.52
45;24.54
16;24.55
44;20.69
32;21.01
12;22.35
45;25.49
25;20.79
20;20.17
16;24.37
16;23.84
43;19.52
34;22.87
34;24.19
43;22.02
31;21.33
45;16.71
76;20.1
44;24.49
21;23.43
31;21.6
20;20.5
15;22.68
24;24.6
13;22.33
44;20.55
25;24.49
18;24.48
27;19.24
78;20.72
38;22.0
47;16.75
25;23.22
34;17.53
59;24.71
26;27.83
45;17.51
24;23.41
27;22.69
28;19.99
32;22.6
67;17.55
25;18.53
42;20.0
17;24.25
26;17.41
26;24.89
23;23.4
31;18.54
24;18.24
56;17.23
62;19.99
24;21.8
36;28.72
14;22.78
48;22.19
63;18.93
19;22.04
22;19.39
27;21.45
61;21.94
34;26.69
12;27.25
13;24.67
14;19.6
15;23.78
13;18.55
42;27.65
24;21.2
27;28.63
27;17.01
26;19.8
56;29.37
26;20.81
41;17.17
30;20.93
41;24.53
27;25.29
47;23.25
22;22.5
79;33.47
18;22.89
50;21.96
45;16.57
28;18.77
30;17.84
21;22.86
50;22.37
17;26.44
29;26.83
60;18.37
32;16.66
26;18.6
49;23.77
65;17.03
49;20.49
24;21.37
17;18.87
20;22.56
60;22.57
17;21.96
34;22.05
33;19.55
40;23.85
62;27.93
15;21.12
68;18.74
21;18.79
53;20.26
21;17.25
16;34.22
19;24.51
18;23.7
17;21.9
18;23.17
22;21.44
28;18.27
12;22.32
18;21.06
19;23.68
25;21.48
22;24.27
62;23.7
24;18.52
61;16.83
17;19.86
44;23.91
13;26.73
25;23.04
63;19.39
18;21.57
23;24.63
26;22.23
19;29.3
23;21.49
30;34.07
38;18.53
27;21.82
23;24.23
33;23.66
32;19.3
37;20.93
16;21.29
14;20.48
31;17.13
20;21.99
16;19.74
13;23.15
17;18.33
28;18.23
35;22.76
42;17.03
24;20.63
21;24.3
17;21.6
21;19.02
20;24.01
15;18.73
28;19.51
54;23.82
64;21.67
32;22.29
38;18.66
54;21.57
15;19.28
36;23.99
24;21.41
23;24.68
46;24.86
47;18.25
35;18.96
17;17.59
28;23.62
28;27.17
16;22.68
27;23.03
26;20.95
21;17.12
13;28.22
19;22.49
37;25.8
30;19.69
26;19.42
28;25.42
13;20.5
27;19.53
13;23.63
63;21.91
20;20.96
45;18.69
43;24.17
13;24.09
27;20.1
25;18.46
27;16.84
19;24.46
58;23.73
28;24.34
19;20.34
34;24.55
39;18.97
40;24.4
32;16.82
40;20.0
43;18.76
58;29.41
45;27.51
41;19.8
17;19.19
14;21.42
17;19.34
42;18.8
37;24.73
26;22.8
17;21.48
22;21.77
20;17.33
43;20.81
44;16.93
28;26.91
12;21.71
21;21.58
15;27.22
30;16.68
17;29.47
48;28.58
41;16.96
16;20.61
45;20.03
34;24.53
63;20.44
35;18.58
45;22.94
39;21.27
14;24.05
26;22.22
26;22.31
59;20.01
25;27.97
17;24.2
32;18.07
23;19.77
13;24.53
22;17.44
27;24.65
47;18.62
13;25.32
19;23.07
20;19.78
20;19.15
42;22.94
39;17.81
13;22.73
12;21.32
38;17.8
12;23.05
49;19.22
18;17.36
47;17.97
27;23.2
13;23.64
27;17.19
36;19.95
16;21.87
21;22.6
18;23.49
22;17.5
54;24.34
40;22.25
39;23.89
19;17.33
49;21.31
27;20.17
27;25.79
15;20.39
37;17.28
39;22.32
46;22.89
28;21.34
26;24.17
28;20.79
13;24.75
15;19.43
47;17.25
53;20.72
45;20.67
13;16.72
42;23.18
16;23.19
76;25.97
23;19.36
67;28.88
22;22.56
22;22.8
55;20.42
51;23.85
28;18.66
25;24.87
39;29.74
65;21.47
45;18.28
18;19.44
46;21.32
27;19.24
32;24.25
28;22.58
41;20.37
40;22.07
12;18.54
45;22.22
18;19.2
26;20.79
51;24.13
58;27.6
31;23.27
31;18.04
15;18.56
19;29.56
13;19.68
27;24.09
46;17.57
15;19.89
40;24.23
18;23.06
28;20.32
28;17.08
32;20.24
23;23.68
34;21.08
42;21.59
12;20.1
44;21.22
27;16.71
68;22.98
20;21.03
13;23.68
35;20.62
24;22.3
22;18.99
15;29.23
79;21.23
28;19.91
29;24.67
21;20.56
23;24.15
20;19.29
40;26.54
18;18.82
40;23.72
21;21.44
26;28.79
17;23.15
48;17.19
24;22.74
21;26.2
15;19.11
35;24.26
42;17.29
34;28.09
17;19.15
29;23.97
17;19.31
58;23.08
30;18.46
22;24.8
69;17.04
22;23.66
32;17.01
24;24.56
18;18.74
38;22.73
25;18.62
59;25.39
37;22.76
14;21.28
47;17.83
55;24.24
42;19.3
55;29.4
12;22.41
57;24.42
12;18.97
15;18.23
12;23.09
45;17.26
25;24.61
16;19.06
22;20.72
26;28.97
19;17.2
41;22.87
19;25.59
35;18.56
15;24.23
27;19.24
19;16.84
36;16.87
19;22.15
44;24.6
62;22.07
21;21.15
16;21.87
23;28.46
19;18.47
13;28.75
39;21.04
48;17.45
13;17.57
21;19.58
39;19.7
71;22.27
53;24.49
49;22.48
29;24.75
14;24.35
49;19.86
16;19.86
46;24.27
27;19.05
37;28.44
56;20.54
15;22.73
61;19.61
39;23.4
12;24.11
25;23.23
36;22.66
24;27.95
16;26.06
25;16.98
38;21.99
20;21.26
14;16.7
12;22.07
12;21.66
69;19.55
14;20.96
63;22.75
28;19.44
33;24.53
23;17.99
18;20.88
27;23.8
12;21.61
27;22.93
26;18.27
28;20.87
53;24.89
25;23.21
40;22.81
43;24.02
16;29.15
33;20.98
37;20.5
19;21.41
27;17.63
62;17.05
61;22.73
26;22.36
44;18.66
16;21.04
25;20.93
80;21.47
25;19.29
28;22.74
35;24.75
41;20.66
16;22.33
14;19.65
17;21.8
50;21.88
72;22.21
15;19.78
44;19.09
59;17.13
19;20.07
34;19.09
62;21.62
46;21.39
38;21.25
33;23.28
23;20.59
28;19.55
14;20.91
12;24.68
49;23.21
54;21.54
36;18.54
18;23.66
22;23.78
18;21.88
48;17.83
17;22.69
24;18.87
43;31.7
28;24.76
57;18.91
27;27.19
24;29.65
37;19.28
28;18.51
28;23.81
20;20.05
25;28.83
25;20.0
22;21.51
16;24.24
14;19.02
12;21.24
15;22.62
24;28.41
55;24.42
31;18.62
20;22.35
30;20.28
47;21.57
14;24.13
41;23.0
27;22.33
27;23.91
45;22.3
28;24.15
14;22.1
35;21.29
13;26.25
35;24.55
18;21.5
26;21.99
22;24.58
28;26.8
29;22.6
35;31.57
17;23.51
16;19.7
43;20.06
54;20.29
16;21.4
48;18.3
43;23.81
41;16.89
42;23.09
27;29.26
23;20.68
26;22.13
24;21.83
12;24.03
24;18.51
19;18.71
17;22.24
26;29.04
38;29.32
59;25.23
12;23.24
17;23.91
21;16.62
33;21.79
59;19.42
18;17.57
13;23.83
70;18.12
34;20.97
41;20.85
42;26.99
52;27.83
36;18.23
18;22.87
22;23.45
19;29.23
26;18.74
16;18.77
28;20.0
16;28.77
36;19.0
24;21.55
46;24.39
13;22.29
13;16.78
47;24.6
44;23.96
62;24.52
77;23.45
50;18.71
14;24.71
12;22.28
34;22.31
12;20.51
28;21.47
26;21.2
54;16.82
27;29.69
18;20.3
28;24.21
26;24.52
46;31.5
17;19.65
25;18.29
17;22.95
76;22.77
16;28.38
24;18.99
15;20.83
21;20.68
22;24.48
17;23.82
25;22.46
18;22.68
34;21.75
54;20.93
14;29.72
26;19.98
49;24.43
44;22.86
70;22.55
24;26.45
20;21.6
20;26.84
14;23.9
36;16.77
42;17.74
25;27.11
22;18.73
41;20.71
21;23.89
46;17.19
12;19.13
36;22.89
14;18.55
14;18.71
13;18.94
13;19.92
20;21.91
27;22.64
23;19.36
21;20.16
51;18.84
15;19.51
27;18.12
13;19.6
15;21.91
35;23.28
21;23.29
13;17.11
39;24.07
30;24.29
39;31.97
36;21.57
20;20.59
28;21.8
26;24.53
14;25.39
13;23.16
38;19.39
26;22.57
55;20.59
26;20.24
47;18.02
20;19.46
28;20.87
19;20.98
45;20.58
27;21.28
48;24.44
30;21.57
26;18.41
38;23.73
36;21.97
66;20.22
26;24.87
26;28.34
38;28.06
18;23.17
30;18.51
32;23.66
16;23.66
41;22.74
34;23.54
63;22.74
27;20.42
13;22.68
16;22.9
61;18.74
14;22.75
45;25.82
48;32.64
27;23.43
23;18.42
61;24.59
39;21.91
58;32.31
27;23.16
47;16.72
22;22.0
54;21.73
39;22.52
24;21.88
24;32.41
23;23.08
16;21.99
16;23.52
21;21.75
15;24.71
78;24.02
29;19.16
49;20.41
41;31.17
27;23.29
12;24.68
34;24.86
18;19.92
38;25.46
15;20.95
30;19.36
22;21.37
58;17.26
20;21.28
35;25.37
15;19.23
38;19.07
37;17.96
78;24.23
17;21.12
33;17.67
28;23.25
64;21.64
60;27.23
31;24.03
42;18.93
45;20.06
33;22.66
37;22.16
22;20.03
45;22.42
15;20.7
26;21.61
20;22.99
51;18.27
42;22.06
41;17.51
21;19.43
43;22.0
39;18.94
28;26.32
40;20.77
15;24.73
60;22.48
26;21.47
12;21.52
47;29.58
24;20.09
22;16.8
38;19.39
25;24.42
43;22.15
13;21.58
36;22.12
28;20.11
20;24.85
63;21.47
44;19.78
49;20.51
38;21.34
12;19.41
48;19.82
68;21.87
19;20.32
47;22.01
25;21.09
33;22.4
12;21.57
15;23.89
28;28.37
29;19.89
25;28.08
25;19.21
57;23.09
22;22.99
16;21.67
26;19.21
12;24.66
19;26.66
24;23.08
20;22.95
19;19.27
39;21.07
57;27.83
14;24.21
48;22.06
36;22.54
28;17.45
43;23.19
24;19.93
31;24.53
38;22.73
27;20.72
25;22.24
57;22.78
28;25.59
20;24.08
17;19.91
23;22.52
46;17.1
55;19.56
23;24.07
49;21.68
16;17.36
26;24.85
41;20.75
33;18.6
21;21.53
16;18.59
13;24.86
47;20.94
22;29.25
23;18.41
23;20.91
14;22.42
44;24.58
20;20.97
